repetition,model,job_id,n_candidates,ndcg@10,ndcg@5,mrr,map
0,tfidf,0048c170bcec,4,0.63093,0.63093,0.5,0.5
0,tfidf,047bc3871983,3,0.63093,0.63093,0.5,0.5
0,tfidf,062199eaf593,4,1.0,1.0,1.0,1.0
0,tfidf,06d7543dabdd,3,0.5,0.5,0.333333,0.333333
0,tfidf,0cf4d649ae6d,12,0.716726,0.485229,1.0,0.571429
0,tfidf,0f426cf82a7f,9,0.557448,0.416181,0.333333,0.355556
0,tfidf,0f452544a00a,4,1.0,1.0,1.0,1.0
0,tfidf,121bb95534e4,11,0.599314,0.363318,0.333333,0.402083
0,tfidf,155aab1f3316,6,0.697882,0.530721,0.5,0.555556
0,tfidf,183a9943f52f,7,0.853389,0.732399,1.0,0.902857
0,tfidf,19f1bf5c252c,14,0.568284,0.33916,1.0,0.621573
0,tfidf,1ab5a4ec2067,5,0.732829,0.732829,0.5,0.638889
0,tfidf,1f506269424f,6,0.897862,0.827734,1.0,0.81
0,tfidf,20935defdc79,12,0.815055,0.723427,1.0,0.820076
0,tfidf,22ea43f400cd,5,0.624051,0.624051,0.5,0.45
0,tfidf,23165420d868,3,1.0,1.0,1.0,1.0
0,tfidf,236f48d9f371,7,0.5,0.5,0.333333,0.333333
0,tfidf,2568979c123c,2,1.0,1.0,1.0,1.0
0,tfidf,256adc117895,9,0.69595,0.601261,0.5,0.555556
0,tfidf,25b80d939833,22,0.59677,0.574343,1.0,0.591229
0,tfidf,2637bf13897a,7,0.839654,0.709527,1.0,0.667857
0,tfidf,26ade05293dc,3,0.619906,0.619906,0.5,0.583333
0,tfidf,2799bfc2e4b3,3,1.0,1.0,1.0,1.0
0,tfidf,27cef591b627,2,0.63093,0.63093,0.5,0.5
0,tfidf,296bf1cce547,5,1.0,1.0,1.0,1.0
0,tfidf,2a540b5dfad9,4,0.92834,0.92834,1.0,0.916667
0,tfidf,2a66464e0cf7,4,1.0,1.0,1.0,1.0
0,tfidf,2c3de36388f0,6,0.650921,0.650921,0.5,0.5
0,tfidf,2db497224fb1,6,0.60526,0.386853,0.5,0.416667
0,tfidf,2ddeb9372b38,6,0.926758,0.787702,1.0,0.816667
0,tfidf,2e4e089b5ac7,12,0.728787,0.50874,1.0,0.609957
0,tfidf,30380a0a655a,7,0.911963,0.911963,1.0,0.805556
0,tfidf,30914f6fdf21,7,0.940147,0.815287,1.0,0.948413
0,tfidf,32c5799fc8ae,6,0.583342,0.416181,0.333333,0.411111
0,tfidf,34403431dba9,4,0.882121,0.882121,1.0,1.0
0,tfidf,34e21a45b703,5,1.0,1.0,1.0,1.0
0,tfidf,353fe8d3d48a,8,0.687148,0.530721,0.5,0.531746
0,tfidf,366f899ef1ca,4,0.830231,0.830231,1.0,0.916667
0,tfidf,36edb8026c96,2,0.63093,0.63093,0.5,0.5
0,tfidf,386978dec6bc,9,0.686049,0.345191,0.5,0.519286
0,tfidf,3acffd3f5798,4,0.967468,0.967468,1.0,0.916667
0,tfidf,3f73831e96aa,15,0.732829,0.732829,0.5,0.638889
0,tfidf,436b1cf60b4b,2,0.63093,0.63093,0.5,0.5
0,tfidf,46db8a21e52d,3,0.63093,0.63093,0.5,0.5
0,tfidf,4746acdaa6a5,3,0.965195,0.965195,,
0,tfidf,4a9a077f10e1,7,0.386853,0.386853,0.2,0.2
0,tfidf,4c6e7eba3263,4,0.919721,0.919721,1.0,0.833333
0,tfidf,4fb3cab336fb,13,0.816497,0.691783,1.0,0.794778
0,tfidf,4fda275b2737,10,0.949389,0.831872,1.0,0.861111
0,tfidf,505a04ba1816,4,0.867087,0.867087,1.0,1.0
0,tfidf,5139b27d3ecc,2,1.0,1.0,1.0,1.0
0,tfidf,51488b910eff,4,0.867087,0.867087,1.0,1.0
0,tfidf,5185d3d45f6c,4,1.0,1.0,1.0,1.0
0,tfidf,5415bd613235,6,0.974743,0.853932,1.0,0.926667
0,tfidf,542ec47e20fd,2,1.0,1.0,1.0,1.0
0,tfidf,54578ed2a62f,4,0.877215,0.877215,1.0,0.75
0,tfidf,5696b294d351,3,1.0,1.0,1.0,1.0
0,tfidf,57720105064a,6,0.430677,0.430677,0.25,0.25
0,tfidf,59a32a4c0ee7,3,0.63093,0.63093,0.5,0.5
0,tfidf,5d40440b9717,5,0.768026,0.768026,1.0,0.866667
0,tfidf,5fcb77f2fb83,4,0.906025,0.906025,1.0,0.805556
0,tfidf,60411c10d3dc,3,1.0,1.0,1.0,1.0
0,tfidf,613621ee041a,5,0.430677,0.430677,0.25,0.25
0,tfidf,61a55936e790,5,1.0,1.0,1.0,1.0
0,tfidf,62a984d77d48,3,1.0,1.0,1.0,1.0
0,tfidf,63c0b5393c12,4,0.985227,0.985227,,
0,tfidf,6433be1595e0,4,1.0,1.0,1.0,1.0
0,tfidf,648a0a5334dd,3,0.693426,0.693426,0.5,0.583333
0,tfidf,662384429eab,12,0.756906,0.654809,1.0,0.663131
0,tfidf,66eebb032a98,2,1.0,1.0,1.0,1.0
0,tfidf,67f2747427a9,4,0.965195,0.965195,1.0,1.0
0,tfidf,696ecaba8353,13,0.707993,0.49126,0.5,0.611296
0,tfidf,696ef28bc65a,5,0.850345,0.850345,1.0,0.7
0,tfidf,6a6ad18c8669,6,0.897862,0.827734,1.0,0.81
0,tfidf,6af4deacdc13,3,0.63093,0.63093,0.5,0.5
0,tfidf,6b3839bb93ad,2,1.0,1.0,1.0,1.0
0,tfidf,6b4cfeeeadea,8,0.682935,0.396663,1.0,0.625
0,tfidf,6cf2d9a2a90b,5,0.906025,0.906025,1.0,0.805556
0,tfidf,6d7435e475bf,9,0.939791,0.83042,1.0,0.841667
0,tfidf,702f3c7ea663,4,1.0,1.0,1.0,1.0
0,tfidf,7655b0b508a5,5,0.965195,0.965195,1.0,1.0
0,tfidf,7668e8bd8d3b,5,0.650921,0.650921,0.5,0.5
0,tfidf,77aafa519ec2,4,1.0,1.0,1.0,1.0
0,tfidf,77f71b61c082,6,0.812071,0.812071,1.0,0.95
0,tfidf,785eafe853d0,3,1.0,1.0,1.0,1.0
0,tfidf,78fee8bed05e,5,0.951776,0.951776,1.0,0.8875
0,tfidf,797cc42aa228,5,0.732829,0.732829,0.5,0.638889
0,tfidf,7a0dda470745,2,0.63093,0.63093,0.5,0.5
0,tfidf,7bb6272c3211,11,0.544541,0.273035,0.333333,0.451861
0,tfidf,8085eb9687de,4,1.0,1.0,1.0,1.0
0,tfidf,821648eaa49c,6,0.897862,0.827734,1.0,0.81
0,tfidf,82e733317cf4,3,1.0,1.0,1.0,1.0
0,tfidf,84538d1833b9,7,1.0,1.0,1.0,1.0
0,tfidf,8508661d8f72,2,0.63093,0.63093,0.5,0.5
0,tfidf,86c7e6c767c0,2,1.0,1.0,1.0,1.0
0,tfidf,878c690ee2c6,5,1.0,1.0,1.0,1.0
0,tfidf,8b0ff9aeb55d,9,0.580222,0.330791,0.333333,0.45119
0,tfidf,8fa4263f01b5,6,1.0,1.0,1.0,1.0
0,tfidf,9093f0ba3462,3,0.5,0.5,0.333333,0.333333
0,tfidf,97296c5249a0,3,1.0,1.0,1.0,1.0
0,tfidf,97de12426af9,9,0.482476,0.264068,0.25,0.291667
0,tfidf,9e47116c4f45,11,0.58816,0.296082,0.5,0.361905
0,tfidf,a176bab9db62,3,0.63093,0.63093,0.5,0.5
0,tfidf,a266bb73d58a,4,0.693426,0.693426,0.5,0.583333
0,tfidf,a32d2d931c0c,2,1.0,1.0,1.0,1.0
0,tfidf,a8681cc39733,6,0.982892,0.982892,1.0,0.95
0,tfidf,a9468d6b3d20,4,0.878675,0.878675,,
0,tfidf,aa21e203c640,7,0.884027,0.763037,1.0,0.78619
0,tfidf,ab547b5c9dad,4,1.0,1.0,1.0,1.0
0,tfidf,ae5fbd22fb6f,10,0.889629,0.786014,1.0,0.755159
0,tfidf,aee19b6c4764,4,1.0,1.0,1.0,1.0
0,tfidf,af6136ee5ece,4,1.0,1.0,1.0,1.0
0,tfidf,b34576fa23ff,2,1.0,1.0,1.0,1.0
0,tfidf,b354c165795a,7,0.892754,0.753698,1.0,0.770833
0,tfidf,b79ea79f64f8,13,0.67532,0.654809,1.0,0.635943
0,tfidf,bb6fc93c50e5,2,1.0,1.0,1.0,1.0
0,tfidf,bb82c3a81425,9,0.698065,0.441492,0.5,0.527778
0,tfidf,bbd4650c1c51,3,1.0,1.0,1.0,1.0
0,tfidf,bc72b00d95b6,12,0.601827,0.238198,0.5,0.537621
0,tfidf,bf12cbe64af7,2,1.0,1.0,1.0,1.0
0,tfidf,bf7e97d43c15,6,0.583342,0.416181,0.333333,0.411111
0,tfidf,c04b4da793f3,2,0.63093,0.63093,0.5,0.5
0,tfidf,c272d7917e4d,3,1.0,1.0,1.0,1.0
0,tfidf,c45bbf786081,3,1.0,1.0,1.0,1.0
0,tfidf,c57f8736fae3,7,0.989606,0.868795,1.0,0.966667
0,tfidf,c7d3f2e8477d,7,0.860344,0.703918,1.0,0.698413
0,tfidf,ca34fc52c221,11,0.739437,0.425657,0.5,0.663591
0,tfidf,cc8d5d4a2093,16,0.582565,0.514771,0.5,0.612231
0,tfidf,ccf4f2a4a4b0,5,0.650921,0.650921,0.5,0.5
0,tfidf,cdbc60f8daee,5,0.386853,0.386853,0.2,0.2
0,tfidf,ce087bff3370,3,1.0,1.0,1.0,1.0
0,tfidf,ce7f82f99470,7,0.854753,0.58557,1.0,0.684524
0,tfidf,cf25274e6ebe,5,0.982892,0.982892,1.0,0.95
0,tfidf,cf4760235323,5,0.967468,0.967468,1.0,0.916667
0,tfidf,cfe7402e0c46,5,0.957325,0.957325,1.0,1.0
0,tfidf,d19959407319,5,0.982892,0.982892,1.0,0.95
0,tfidf,d322146d662c,6,0.867087,0.867087,1.0,1.0
0,tfidf,d4a082a8c5c9,15,0.421526,0.131205,0.2,0.446059
0,tfidf,d74515aabf7d,5,0.386853,0.386853,0.2,0.2
0,tfidf,d92868363577,3,1.0,1.0,1.0,1.0
0,tfidf,ddf2656a8565,4,1.0,1.0,1.0,1.0
0,tfidf,df1202617213,3,0.63093,0.63093,0.5,0.5
0,tfidf,e0e35be40cf0,5,0.859997,0.859997,1.0,0.95
0,tfidf,e1c3672bea3a,4,1.0,1.0,1.0,1.0
0,tfidf,e5efb2bb81fa,2,0.63093,0.63093,0.5,0.5
0,tfidf,e7d02e5f4526,3,0.693426,0.693426,0.5,0.583333
0,tfidf,e8e50f4114b3,2,1.0,1.0,1.0,1.0
0,tfidf,e9804eeb633a,3,1.0,1.0,1.0,1.0
0,tfidf,e9d33ed525c4,11,0.977015,0.868795,1.0,0.928263
0,tfidf,ebc57900d0b5,2,1.0,1.0,1.0,1.0
0,tfidf,f00600da0a07,5,1.0,1.0,1.0,1.0
0,tfidf,f013284797f9,5,1.0,1.0,1.0,1.0
0,tfidf,f06ec9858d33,2,1.0,1.0,1.0,1.0
0,tfidf,f17b031a1618,4,0.967468,0.967468,1.0,0.916667
0,tfidf,f2b519f794c7,11,0.927462,0.83042,1.0,0.806944
0,tfidf,f2bf39e7196f,5,1.0,1.0,1.0,1.0
0,tfidf,f459e14e173d,3,0.5,0.5,0.333333,0.333333
0,tfidf,f57d2e764c36,4,0.967468,0.967468,1.0,0.916667
0,tfidf,f869614bf6da,2,1.0,1.0,1.0,1.0
0,tfidf,fa0a82b854b0,6,0.824132,0.668562,1.0,0.966667
0,tfidf,fa8a15bd2415,2,0.63093,0.63093,0.5,0.5
0,tfidf,fabab1f2a9ac,11,0.691597,0.619146,1.0,0.765909
0,tfidf,fc086773a9f8,8,0.991558,1.0,1.0,0.982143
0,tfidf,fc095e331f80,7,0.333333,0.0,0.142857,0.142857
0,tfidf,fc15846cdd34,11,0.923596,0.699215,1.0,0.799603
0,tfidf,fc57c4cfac8c,14,0.758332,0.550831,1.0,0.709425
0,tfidf,fd5fb3568f28,5,0.919721,0.919721,1.0,0.833333
0,semantic,0048c170bcec,4,1.0,1.0,1.0,1.0
0,semantic,047bc3871983,3,0.63093,0.63093,0.5,0.5
0,semantic,062199eaf593,4,0.732829,0.732829,0.5,0.638889
0,semantic,06d7543dabdd,3,1.0,1.0,1.0,1.0
0,semantic,0cf4d649ae6d,12,0.631808,0.485229,1.0,0.566498
0,semantic,0f426cf82a7f,9,0.913402,0.765361,1.0,0.791667
0,semantic,0f452544a00a,4,1.0,1.0,1.0,1.0
0,semantic,121bb95534e4,11,0.683613,0.41443,0.5,0.517857
0,semantic,155aab1f3316,6,0.932521,0.765361,1.0,0.833333
0,semantic,183a9943f52f,7,0.979465,0.979465,1.0,1.0
0,semantic,19f1bf5c252c,14,0.481442,0.230858,0.333333,0.506319
0,semantic,1ab5a4ec2067,5,1.0,1.0,1.0,1.0
0,semantic,1f506269424f,6,0.943382,0.803126,1.0,0.876667
0,semantic,20935defdc79,12,0.907486,0.934397,1.0,0.965909
0,semantic,22ea43f400cd,5,1.0,1.0,1.0,1.0
0,semantic,23165420d868,3,1.0,1.0,1.0,1.0
0,semantic,236f48d9f371,7,0.386853,0.386853,0.2,0.2
0,semantic,2568979c123c,2,1.0,1.0,1.0,1.0
0,semantic,256adc117895,9,0.607341,0.335435,0.5,0.420635
0,semantic,25b80d939833,22,0.422038,0.315648,0.333333,0.465577
0,semantic,2637bf13897a,7,0.904717,0.904717,1.0,0.804167
0,semantic,26ade05293dc,3,0.760188,0.760188,1.0,0.833333
0,semantic,2799bfc2e4b3,3,1.0,1.0,1.0,1.0
0,semantic,27cef591b627,2,0.63093,0.63093,0.5,0.5
0,semantic,296bf1cce547,5,1.0,1.0,1.0,1.0
0,semantic,2a540b5dfad9,4,0.867087,0.867087,1.0,1.0
0,semantic,2a66464e0cf7,4,1.0,1.0,1.0,1.0
0,semantic,2c3de36388f0,6,1.0,1.0,1.0,1.0
0,semantic,2db497224fb1,6,0.60526,0.386853,0.5,0.416667
0,semantic,2ddeb9372b38,6,0.970929,0.831872,1.0,0.916667
0,semantic,2e4e089b5ac7,12,0.565206,0.131205,0.2,0.38127
0,semantic,30380a0a655a,7,0.893535,0.893535,1.0,0.805556
0,semantic,30914f6fdf21,7,0.975488,0.909257,1.0,1.0
0,semantic,32c5799fc8ae,6,0.732829,0.732829,0.5,0.638889
0,semantic,34403431dba9,4,1.0,1.0,1.0,1.0
0,semantic,34e21a45b703,5,0.95583,0.95583,1.0,0.8875
0,semantic,353fe8d3d48a,8,0.871079,0.703918,1.0,0.722222
0,semantic,366f899ef1ca,4,0.867087,0.867087,1.0,1.0
0,semantic,36edb8026c96,2,0.63093,0.63093,0.5,0.5
0,semantic,386978dec6bc,9,0.943473,0.83042,1.0,0.852857
0,semantic,3acffd3f5798,4,1.0,1.0,1.0,1.0
0,semantic,3f73831e96aa,15,0.491415,0.202107,0.25,0.277778
0,semantic,436b1cf60b4b,2,1.0,1.0,1.0,1.0
0,semantic,46db8a21e52d,3,0.63093,0.63093,0.5,0.5
0,semantic,4746acdaa6a5,3,0.965195,0.965195,,
0,semantic,4a9a077f10e1,7,0.386853,0.386853,0.2,0.2
0,semantic,4c6e7eba3263,4,1.0,1.0,1.0,1.0
0,semantic,4fb3cab336fb,13,0.548484,0.345191,0.5,0.524966
0,semantic,4fda275b2737,10,0.838848,0.58557,1.0,0.64881
0,semantic,505a04ba1816,4,0.830231,0.830231,1.0,0.916667
0,semantic,5139b27d3ecc,2,0.63093,0.63093,0.5,0.5
0,semantic,51488b910eff,4,0.867087,0.867087,1.0,1.0
0,semantic,5185d3d45f6c,4,0.430677,0.430677,0.25,0.25
0,semantic,5415bd613235,6,0.974743,0.853932,1.0,0.926667
0,semantic,542ec47e20fd,2,1.0,1.0,1.0,1.0
0,semantic,54578ed2a62f,4,1.0,1.0,1.0,1.0
0,semantic,5696b294d351,3,0.63093,0.63093,0.5,0.5
0,semantic,57720105064a,6,0.430677,0.430677,0.25,0.25
0,semantic,59a32a4c0ee7,3,1.0,1.0,1.0,1.0
0,semantic,5d40440b9717,5,0.768026,0.768026,1.0,0.866667
0,semantic,5fcb77f2fb83,4,1.0,1.0,1.0,1.0
0,semantic,60411c10d3dc,3,0.919721,0.919721,1.0,0.833333
0,semantic,613621ee041a,5,0.430677,0.430677,0.25,0.25
0,semantic,61a55936e790,5,0.850345,0.850345,1.0,0.7
0,semantic,62a984d77d48,3,1.0,1.0,1.0,1.0
0,semantic,63c0b5393c12,4,0.957325,0.957325,,
0,semantic,6433be1595e0,4,1.0,1.0,1.0,1.0
0,semantic,648a0a5334dd,3,0.693426,0.693426,0.5,0.583333
0,semantic,662384429eab,12,0.722727,0.722727,1.0,0.756061
0,semantic,66eebb032a98,2,0.63093,0.63093,0.5,0.5
0,semantic,67f2747427a9,4,0.92834,0.92834,1.0,0.916667
0,semantic,696ecaba8353,13,0.445881,0.146068,0.25,0.455869
0,semantic,696ef28bc65a,5,1.0,1.0,1.0,1.0
0,semantic,6a6ad18c8669,6,0.937286,0.867159,1.0,0.926667
0,semantic,6af4deacdc13,3,0.63093,0.63093,0.5,0.5
0,semantic,6b3839bb93ad,2,1.0,1.0,1.0,1.0
0,semantic,6b4cfeeeadea,8,0.900605,0.695117,1.0,0.732143
0,semantic,6cf2d9a2a90b,5,1.0,1.0,1.0,1.0
0,semantic,6d7435e475bf,9,0.987671,1.0,1.0,0.958333
0,semantic,702f3c7ea663,4,1.0,1.0,1.0,1.0
0,semantic,7655b0b508a5,5,0.965195,0.965195,1.0,1.0
0,semantic,7668e8bd8d3b,5,0.877215,0.877215,1.0,0.75
0,semantic,77aafa519ec2,4,1.0,1.0,1.0,1.0
0,semantic,77f71b61c082,6,0.743476,0.573552,1.0,0.816667
0,semantic,785eafe853d0,3,1.0,1.0,1.0,1.0
0,semantic,78fee8bed05e,5,0.74801,0.74801,0.5,0.679167
0,semantic,797cc42aa228,5,0.967468,0.967468,1.0,0.916667
0,semantic,7a0dda470745,2,1.0,1.0,1.0,1.0
0,semantic,7bb6272c3211,11,0.647498,0.40075,0.5,0.465714
0,semantic,8085eb9687de,4,1.0,1.0,1.0,1.0
0,semantic,821648eaa49c,6,0.937286,0.867159,1.0,0.926667
0,semantic,82e733317cf4,3,1.0,1.0,1.0,1.0
0,semantic,84538d1833b9,7,1.0,1.0,1.0,1.0
0,semantic,8508661d8f72,2,0.63093,0.63093,0.5,0.5
0,semantic,86c7e6c767c0,2,1.0,1.0,1.0,1.0
0,semantic,878c690ee2c6,5,1.0,1.0,1.0,1.0
0,semantic,8b0ff9aeb55d,9,0.668232,0.423063,1.0,0.6
0,semantic,8fa4263f01b5,6,1.0,1.0,1.0,1.0
0,semantic,9093f0ba3462,3,0.63093,0.63093,0.5,0.5
0,semantic,97296c5249a0,3,0.693426,0.693426,0.5,0.583333
0,semantic,97de12426af9,9,0.81753,0.613147,1.0,0.642857
0,semantic,9e47116c4f45,11,0.792087,0.650821,1.0,0.577778
0,semantic,a176bab9db62,3,0.63093,0.63093,0.5,0.5
0,semantic,a266bb73d58a,4,0.693426,0.693426,0.5,0.583333
0,semantic,a32d2d931c0c,2,1.0,1.0,1.0,1.0
0,semantic,a8681cc39733,6,0.982892,0.982892,1.0,0.95
0,semantic,a9468d6b3d20,4,0.878675,0.878675,,
0,semantic,aa21e203c640,7,0.705826,0.455542,0.5,0.59619
0,semantic,ab547b5c9dad,4,1.0,1.0,1.0,1.0
0,semantic,ae5fbd22fb6f,10,0.776663,0.529635,0.5,0.674603
0,semantic,aee19b6c4764,4,0.919721,0.919721,1.0,0.833333
0,semantic,af6136ee5ece,4,1.0,1.0,1.0,1.0
0,semantic,b34576fa23ff,2,1.0,1.0,1.0,1.0
0,semantic,b354c165795a,7,1.0,1.0,1.0,1.0
0,semantic,b79ea79f64f8,13,0.560018,0.529635,0.5,0.532479
0,semantic,bb6fc93c50e5,2,1.0,1.0,1.0,1.0
0,semantic,bb82c3a81425,9,0.586877,0.34621,0.333333,0.388194
0,semantic,bbd4650c1c51,3,1.0,1.0,1.0,1.0
0,semantic,bc72b00d95b6,12,0.58945,0.446854,0.333333,0.548413
0,semantic,bf12cbe64af7,2,1.0,1.0,1.0,1.0
0,semantic,bf7e97d43c15,6,0.817981,0.650821,1.0,0.633333
0,semantic,c04b4da793f3,2,0.63093,0.63093,0.5,0.5
0,semantic,c272d7917e4d,3,1.0,1.0,1.0,1.0
0,semantic,c45bbf786081,3,1.0,1.0,1.0,1.0
0,semantic,c57f8736fae3,7,0.943473,0.83042,1.0,0.852857
0,semantic,c7d3f2e8477d,7,0.852928,0.852928,1.0,0.7
0,semantic,ca34fc52c221,11,0.749273,0.49126,0.5,0.663591
0,semantic,cc8d5d4a2093,16,0.760966,1.0,1.0,0.823088
0,semantic,ccf4f2a4a4b0,5,0.693426,0.693426,0.5,0.583333
0,semantic,cdbc60f8daee,5,0.386853,0.386853,0.2,0.2
0,semantic,ce087bff3370,3,1.0,1.0,1.0,1.0
0,semantic,ce7f82f99470,7,0.704506,0.56545,0.5,0.566667
0,semantic,cf25274e6ebe,5,0.982892,0.982892,1.0,0.95
0,semantic,cf4760235323,5,0.967468,0.967468,1.0,0.916667
0,semantic,cfe7402e0c46,5,0.909101,0.909101,1.0,0.8875
0,semantic,d19959407319,5,0.95583,0.95583,1.0,0.8875
0,semantic,d322146d662c,6,0.867087,0.867087,1.0,1.0
0,semantic,d4a082a8c5c9,15,0.425177,0.131205,0.2,0.447394
0,semantic,d74515aabf7d,5,1.0,1.0,1.0,1.0
0,semantic,d92868363577,3,1.0,1.0,1.0,1.0
0,semantic,ddf2656a8565,4,0.919721,0.919721,1.0,0.833333
0,semantic,df1202617213,3,0.63093,0.63093,0.5,0.5
0,semantic,e0e35be40cf0,5,0.878675,0.878675,1.0,1.0
0,semantic,e1c3672bea3a,4,1.0,1.0,1.0,1.0
0,semantic,e5efb2bb81fa,2,1.0,1.0,1.0,1.0
0,semantic,e7d02e5f4526,3,1.0,1.0,1.0,1.0
0,semantic,e8e50f4114b3,2,1.0,1.0,1.0,1.0
0,semantic,e9804eeb633a,3,1.0,1.0,1.0,1.0
0,semantic,e9d33ed525c4,11,0.90587,1.0,1.0,0.905107
0,semantic,ebc57900d0b5,2,0.63093,0.63093,0.5,0.5
0,semantic,f00600da0a07,5,1.0,1.0,1.0,1.0
0,semantic,f013284797f9,5,1.0,1.0,1.0,1.0
0,semantic,f06ec9858d33,2,1.0,1.0,1.0,1.0
0,semantic,f17b031a1618,4,0.906025,0.906025,1.0,0.805556
0,semantic,f2b519f794c7,11,0.848699,0.83042,1.0,0.821465
0,semantic,f2bf39e7196f,5,1.0,1.0,1.0,1.0
0,semantic,f459e14e173d,3,1.0,1.0,1.0,1.0
0,semantic,f57d2e764c36,4,1.0,1.0,1.0,1.0
0,semantic,f869614bf6da,2,1.0,1.0,1.0,1.0
0,semantic,fa0a82b854b0,6,0.822378,0.822378,1.0,1.0
0,semantic,fa8a15bd2415,2,0.63093,0.63093,0.5,0.5
0,semantic,fabab1f2a9ac,11,0.534394,0.435054,0.5,0.604798
0,semantic,fc086773a9f8,8,0.97614,0.868795,1.0,0.937925
0,semantic,fc095e331f80,7,0.386853,0.386853,0.2,0.2
0,semantic,fc15846cdd34,11,0.884222,0.786014,1.0,0.740278
0,semantic,fc57c4cfac8c,14,0.64833,0.639945,1.0,0.616514
0,semantic,fd5fb3568f28,5,0.919721,0.919721,1.0,0.833333
0,hybrid,0048c170bcec,4,1.0,1.0,1.0,1.0
0,hybrid,047bc3871983,3,0.63093,0.63093,0.5,0.5
0,hybrid,062199eaf593,4,0.732829,0.732829,0.5,0.638889
0,hybrid,06d7543dabdd,3,1.0,1.0,1.0,1.0
0,hybrid,0cf4d649ae6d,12,0.641081,0.616434,1.0,0.583165
0,hybrid,0f426cf82a7f,9,0.819427,0.671386,1.0,0.625
0,hybrid,0f452544a00a,4,1.0,1.0,1.0,1.0
0,hybrid,121bb95534e4,11,0.917829,0.787702,1.0,0.792857
0,hybrid,155aab1f3316,6,0.967468,0.967468,1.0,0.916667
0,hybrid,183a9943f52f,7,0.869296,0.748306,1.0,0.942857
0,hybrid,19f1bf5c252c,14,0.804898,0.615733,1.0,0.794898
0,hybrid,1ab5a4ec2067,5,0.967468,0.967468,1.0,0.916667
0,hybrid,1f506269424f,6,0.891828,0.751573,1.0,0.81
0,hybrid,20935defdc79,12,0.949482,0.83042,1.0,0.875546
0,hybrid,22ea43f400cd,5,0.919721,0.919721,1.0,0.833333
0,hybrid,23165420d868,3,1.0,1.0,1.0,1.0
0,hybrid,236f48d9f371,7,0.63093,0.63093,0.5,0.5
0,hybrid,2568979c123c,2,1.0,1.0,1.0,1.0
0,hybrid,256adc117895,9,0.809639,0.531652,1.0,0.587302
0,hybrid,25b80d939833,22,0.869468,0.934397,1.0,0.916519
0,hybrid,2637bf13897a,7,0.839654,0.709527,1.0,0.667857
0,hybrid,26ade05293dc,3,0.859719,0.859719,1.0,1.0
0,hybrid,2799bfc2e4b3,3,1.0,1.0,1.0,1.0
0,hybrid,27cef591b627,2,0.63093,0.63093,0.5,0.5
0,hybrid,296bf1cce547,5,1.0,1.0,1.0,1.0
0,hybrid,2a540b5dfad9,4,0.867087,0.867087,1.0,1.0
0,hybrid,2a66464e0cf7,4,1.0,1.0,1.0,1.0
0,hybrid,2c3de36388f0,6,1.0,1.0,1.0,1.0
0,hybrid,2db497224fb1,6,0.624051,0.624051,0.5,0.45
0,hybrid,2ddeb9372b38,6,0.970929,0.831872,1.0,0.916667
0,hybrid,2e4e089b5ac7,12,0.762237,0.553146,1.0,0.647222
0,hybrid,30380a0a655a,7,0.674019,0.674019,0.5,0.588889
0,hybrid,30914f6fdf21,7,0.975488,0.909257,1.0,1.0
0,hybrid,32c5799fc8ae,6,0.679731,0.679731,0.5,0.533333
0,hybrid,34403431dba9,4,0.977859,0.977859,1.0,0.916667
0,hybrid,34e21a45b703,5,0.982892,0.982892,1.0,0.95
0,hybrid,353fe8d3d48a,8,1.0,1.0,1.0,1.0
0,hybrid,366f899ef1ca,4,0.867087,0.867087,1.0,1.0
0,hybrid,36edb8026c96,2,0.63093,0.63093,0.5,0.5
0,hybrid,386978dec6bc,9,0.882613,0.654809,1.0,0.741667
0,hybrid,3acffd3f5798,4,0.967468,0.967468,1.0,0.916667
0,hybrid,3f73831e96aa,15,0.181542,0.181542,0.2,0.193651
0,hybrid,436b1cf60b4b,2,1.0,1.0,1.0,1.0
0,hybrid,46db8a21e52d,3,0.63093,0.63093,0.5,0.5
0,hybrid,4746acdaa6a5,3,0.965195,0.965195,,
0,hybrid,4a9a077f10e1,7,0.430677,0.430677,0.25,0.25
0,hybrid,4c6e7eba3263,4,0.877215,0.877215,1.0,0.75
0,hybrid,4fb3cab336fb,13,0.600182,0.529635,0.5,0.589549
0,hybrid,4fda275b2737,10,0.838848,0.58557,1.0,0.64881
0,hybrid,505a04ba1816,4,0.830231,0.830231,1.0,0.916667
0,hybrid,5139b27d3ecc,2,0.63093,0.63093,0.5,0.5
0,hybrid,51488b910eff,4,1.0,1.0,1.0,1.0
0,hybrid,5185d3d45f6c,4,0.430677,0.430677,0.25,0.25
0,hybrid,5415bd613235,6,0.989606,0.868795,1.0,0.966667
0,hybrid,542ec47e20fd,2,1.0,1.0,1.0,1.0
0,hybrid,54578ed2a62f,4,1.0,1.0,1.0,1.0
0,hybrid,5696b294d351,3,0.63093,0.63093,0.5,0.5
0,hybrid,57720105064a,6,0.430677,0.430677,0.25,0.25
0,hybrid,59a32a4c0ee7,3,1.0,1.0,1.0,1.0
0,hybrid,5d40440b9717,5,0.768026,0.768026,1.0,0.866667
0,hybrid,5fcb77f2fb83,4,1.0,1.0,1.0,1.0
0,hybrid,60411c10d3dc,3,1.0,1.0,1.0,1.0
0,hybrid,613621ee041a,5,0.5,0.5,0.333333,0.333333
0,hybrid,61a55936e790,5,1.0,1.0,1.0,1.0
0,hybrid,62a984d77d48,3,1.0,1.0,1.0,1.0
0,hybrid,63c0b5393c12,4,0.985227,0.985227,,
0,hybrid,6433be1595e0,4,1.0,1.0,1.0,1.0
0,hybrid,648a0a5334dd,3,0.693426,0.693426,0.5,0.583333
0,hybrid,662384429eab,12,0.970892,0.868795,1.0,0.911111
0,hybrid,66eebb032a98,2,0.63093,0.63093,0.5,0.5
0,hybrid,67f2747427a9,4,0.830231,0.830231,1.0,0.916667
0,hybrid,696ecaba8353,13,0.431898,0.16958,0.333333,0.486871
0,hybrid,696ef28bc65a,5,1.0,1.0,1.0,1.0
0,hybrid,6a6ad18c8669,6,0.909991,0.839863,1.0,0.876667
0,hybrid,6af4deacdc13,3,1.0,1.0,1.0,1.0
0,hybrid,6b3839bb93ad,2,1.0,1.0,1.0,1.0
0,hybrid,6b4cfeeeadea,8,0.674794,0.54034,0.5,0.566667
0,hybrid,6cf2d9a2a90b,5,1.0,1.0,1.0,1.0
0,hybrid,6d7435e475bf,9,0.89325,0.786014,1.0,0.76627
0,hybrid,702f3c7ea663,4,1.0,1.0,1.0,1.0
0,hybrid,7655b0b508a5,5,0.92834,0.92834,1.0,0.916667
0,hybrid,7668e8bd8d3b,5,0.501266,0.501266,0.25,0.325
0,hybrid,77aafa519ec2,4,1.0,1.0,1.0,1.0
0,hybrid,77f71b61c082,6,0.812071,0.812071,1.0,0.95
0,hybrid,785eafe853d0,3,1.0,1.0,1.0,1.0
0,hybrid,78fee8bed05e,5,0.938647,0.938647,1.0,0.95
0,hybrid,797cc42aa228,5,0.967468,0.967468,1.0,0.916667
0,hybrid,7a0dda470745,2,0.63093,0.63093,0.5,0.5
0,hybrid,7bb6272c3211,11,0.720352,0.464889,1.0,0.722619
0,hybrid,8085eb9687de,4,1.0,1.0,1.0,1.0
0,hybrid,821648eaa49c,6,0.903957,0.763701,1.0,0.876667
0,hybrid,82e733317cf4,3,1.0,1.0,1.0,1.0
0,hybrid,84538d1833b9,7,1.0,1.0,1.0,1.0
0,hybrid,8508661d8f72,2,1.0,1.0,1.0,1.0
0,hybrid,86c7e6c767c0,2,1.0,1.0,1.0,1.0
0,hybrid,878c690ee2c6,5,0.946902,0.946902,1.0,0.866667
0,hybrid,8b0ff9aeb55d,9,0.6831,0.389008,1.0,0.704861
0,hybrid,8fa4263f01b5,6,0.926758,0.787702,1.0,0.816667
0,hybrid,9093f0ba3462,3,1.0,1.0,1.0,1.0
0,hybrid,97296c5249a0,3,0.919721,0.919721,1.0,0.833333
0,hybrid,97de12426af9,9,0.650921,0.650921,0.5,0.5
0,hybrid,9e47116c4f45,11,0.644784,0.477624,0.5,0.466667
0,hybrid,a176bab9db62,3,0.63093,0.63093,0.5,0.5
0,hybrid,a266bb73d58a,4,1.0,1.0,1.0,1.0
0,hybrid,a32d2d931c0c,2,1.0,1.0,1.0,1.0
0,hybrid,a8681cc39733,6,0.982892,0.982892,1.0,0.95
0,hybrid,a9468d6b3d20,4,0.957325,0.957325,,
0,hybrid,aa21e203c640,7,0.936277,0.815287,1.0,0.942857
0,hybrid,ab547b5c9dad,4,1.0,1.0,1.0,1.0
0,hybrid,ae5fbd22fb6f,10,0.777948,0.66084,0.5,0.671825
0,hybrid,aee19b6c4764,4,1.0,1.0,1.0,1.0
0,hybrid,af6136ee5ece,4,1.0,1.0,1.0,1.0
0,hybrid,b34576fa23ff,2,0.63093,0.63093,0.5,0.5
0,hybrid,b354c165795a,7,1.0,1.0,1.0,1.0
0,hybrid,b79ea79f64f8,13,0.890017,0.684352,1.0,0.721164
0,hybrid,bb6fc93c50e5,2,1.0,1.0,1.0,1.0
0,hybrid,bb82c3a81425,9,0.81508,0.558508,1.0,0.611111
0,hybrid,bbd4650c1c51,3,1.0,1.0,1.0,1.0
0,hybrid,bc72b00d95b6,12,0.533694,0.315648,1.0,0.617888
0,hybrid,bf12cbe64af7,2,1.0,1.0,1.0,1.0
0,hybrid,bf7e97d43c15,6,0.644784,0.477624,0.5,0.466667
0,hybrid,c04b4da793f3,2,1.0,1.0,1.0,1.0
0,hybrid,c272d7917e4d,3,0.693426,0.693426,0.5,0.583333
0,hybrid,c45bbf786081,3,1.0,1.0,1.0,1.0
0,hybrid,c57f8736fae3,7,0.943473,0.83042,1.0,0.852857
0,hybrid,c7d3f2e8477d,7,0.906025,0.906025,1.0,0.805556
0,hybrid,ca34fc52c221,11,0.688722,0.514771,0.5,0.675334
0,hybrid,cc8d5d4a2093,16,0.997188,1.0,1.0,0.988889
0,hybrid,ccf4f2a4a4b0,5,0.650921,0.650921,0.5,0.5
0,hybrid,cdbc60f8daee,5,1.0,1.0,1.0,1.0
0,hybrid,ce087bff3370,3,0.919721,0.919721,1.0,0.833333
0,hybrid,ce7f82f99470,7,0.875646,0.73659,1.0,0.733333
0,hybrid,cf25274e6ebe,5,0.982892,0.982892,1.0,0.95
0,hybrid,cf4760235323,5,0.967468,0.967468,1.0,0.916667
0,hybrid,cfe7402e0c46,5,0.938647,0.938647,1.0,0.95
0,hybrid,d19959407319,5,0.904717,0.904717,1.0,0.804167
0,hybrid,d322146d662c,6,0.806932,0.806932,1.0,0.866667
0,hybrid,d4a082a8c5c9,15,0.425177,0.131205,0.2,0.453003
0,hybrid,d74515aabf7d,5,0.5,0.5,0.333333,0.333333
0,hybrid,d92868363577,3,1.0,1.0,1.0,1.0
0,hybrid,ddf2656a8565,4,1.0,1.0,1.0,1.0
0,hybrid,df1202617213,3,0.63093,0.63093,0.5,0.5
0,hybrid,e0e35be40cf0,5,0.878675,0.878675,1.0,1.0
0,hybrid,e1c3672bea3a,4,0.877215,0.877215,1.0,0.75
0,hybrid,e5efb2bb81fa,2,1.0,1.0,1.0,1.0
0,hybrid,e7d02e5f4526,3,1.0,1.0,1.0,1.0
0,hybrid,e8e50f4114b3,2,0.63093,0.63093,0.5,0.5
0,hybrid,e9804eeb633a,3,1.0,1.0,1.0,1.0
0,hybrid,e9d33ed525c4,11,0.916275,1.0,1.0,0.93769
0,hybrid,ebc57900d0b5,2,0.63093,0.63093,0.5,0.5
0,hybrid,f00600da0a07,5,1.0,1.0,1.0,1.0
0,hybrid,f013284797f9,5,0.967468,0.967468,1.0,0.916667
0,hybrid,f06ec9858d33,2,1.0,1.0,1.0,1.0
0,hybrid,f17b031a1618,4,0.732829,0.732829,0.5,0.638889
0,hybrid,f2b519f794c7,11,0.879854,0.786014,1.0,0.728704
0,hybrid,f2bf39e7196f,5,0.967468,0.967468,1.0,0.916667
0,hybrid,f459e14e173d,3,1.0,1.0,1.0,1.0
0,hybrid,f57d2e764c36,4,0.967468,0.967468,1.0,0.916667
0,hybrid,f869614bf6da,2,1.0,1.0,1.0,1.0
0,hybrid,fa0a82b854b0,6,0.822378,0.822378,1.0,1.0
0,hybrid,fa8a15bd2415,2,0.63093,0.63093,0.5,0.5
0,hybrid,fabab1f2a9ac,11,0.727707,0.574515,1.0,0.674242
0,hybrid,fc086773a9f8,8,0.943546,0.83042,1.0,0.873639
0,hybrid,fc095e331f80,7,0.430677,0.430677,0.25,0.25
0,hybrid,fc15846cdd34,11,0.766888,0.529635,0.5,0.645833
0,hybrid,fc57c4cfac8c,14,0.708408,0.66084,0.5,0.666748
0,hybrid,fd5fb3568f28,5,0.650921,0.650921,0.5,0.5
1,tfidf,0048c170bcec,4,0.693426,0.693426,0.5,0.583333
1,tfidf,03eeb3f2198b,3,0.919721,0.919721,1.0,0.833333
1,tfidf,062199eaf593,5,0.982892,0.982892,1.0,0.95
1,tfidf,0cf4d649ae6d,10,0.601034,0.29674,0.25,0.469286
1,tfidf,0f426cf82a7f,9,0.693426,0.693426,0.5,0.583333
1,tfidf,0f452544a00a,2,1.0,1.0,1.0,1.0
1,tfidf,121bb95534e4,5,0.877215,0.877215,1.0,0.75
1,tfidf,155aab1f3316,7,0.848583,0.709527,1.0,0.691667
1,tfidf,15aa51f3c370,2,0.63093,0.63093,0.5,0.5
1,tfidf,183a9943f52f,8,0.932521,0.765361,1.0,0.833333
1,tfidf,19f1bf5c252c,14,0.774298,0.66084,1.0,0.829205
1,tfidf,1ab5a4ec2067,4,0.957325,0.957325,,
1,tfidf,1b258fabbaf7,2,1.0,1.0,1.0,1.0
1,tfidf,1b4aa98f6543,3,1.0,1.0,1.0,1.0
1,tfidf,1de6a4f1ab97,3,0.63093,0.63093,0.5,0.5
1,tfidf,1f4faad6e60c,5,0.386853,0.386853,0.2,0.2
1,tfidf,1f506269424f,5,0.63093,0.63093,0.5,0.5
1,tfidf,20935defdc79,13,0.764649,0.83042,1.0,0.764029
1,tfidf,22ea43f400cd,3,0.63093,0.63093,0.5,0.5
1,tfidf,236f48d9f371,5,0.430677,0.430677,0.25,0.25
1,tfidf,256adc117895,13,0.612455,0.577358,1.0,0.67695
1,tfidf,25b80d939833,12,0.184576,0.0,0.111111,0.146465
1,tfidf,2637bf13897a,4,1.0,1.0,1.0,1.0
1,tfidf,26ade05293dc,5,0.693426,0.693426,0.5,0.583333
1,tfidf,2a540b5dfad9,4,0.92834,0.92834,1.0,0.916667
1,tfidf,2a66464e0cf7,5,0.95583,0.95583,1.0,0.8875
1,tfidf,2c5302c101f6,3,0.63093,0.63093,0.5,0.5
1,tfidf,2db497224fb1,11,0.302812,0.0,0.166667,0.213131
1,tfidf,2ddeb9372b38,7,0.951231,0.83042,1.0,0.876667
1,tfidf,2e4e089b5ac7,9,0.975788,0.868795,1.0,0.925
1,tfidf,30380a0a655a,4,0.650921,0.650921,0.5,0.5
1,tfidf,30914f6fdf21,8,0.641643,0.300785,0.333333,0.485952
1,tfidf,31cf2b8862a1,5,0.850345,0.850345,1.0,0.7
1,tfidf,32c5799fc8ae,6,0.896039,0.744221,1.0,0.854167
1,tfidf,34403431dba9,3,0.760188,0.760188,1.0,0.833333
1,tfidf,34e21a45b703,6,0.781651,0.66084,0.5,0.71
1,tfidf,353fe8d3d48a,3,0.63093,0.63093,0.5,0.5
1,tfidf,386978dec6bc,13,0.736206,0.553146,1.0,0.691252
1,tfidf,3984dc63a260,3,0.919721,0.919721,1.0,0.833333
1,tfidf,39e96d28c48c,4,1.0,1.0,1.0,1.0
1,tfidf,3c1a85ba49f5,3,0.693426,0.693426,0.5,0.583333
1,tfidf,3ebb6be04fd8,6,0.693426,0.693426,0.5,0.583333
1,tfidf,3f73831e96aa,5,0.693426,0.693426,0.5,0.583333
1,tfidf,3fee8189e3b4,4,1.0,1.0,,
1,tfidf,4746acdaa6a5,2,1.0,1.0,1.0,1.0
1,tfidf,4a9a077f10e1,10,0.55081,0.383649,0.25,0.383333
1,tfidf,4c7357cf6d7c,6,0.982892,0.982892,1.0,0.95
1,tfidf,4f218377e2b3,3,1.0,1.0,1.0,1.0
1,tfidf,4fb3cab336fb,13,0.861368,0.746939,1.0,0.831045
1,tfidf,4fda275b2737,10,0.524981,0.306574,0.333333,0.333333
1,tfidf,505a04ba1816,4,0.919721,0.919721,1.0,0.833333
1,tfidf,5139b27d3ecc,5,1.0,1.0,1.0,1.0
1,tfidf,51488b910eff,3,0.919721,0.919721,1.0,0.833333
1,tfidf,5185d3d45f6c,3,0.919721,0.919721,1.0,0.833333
1,tfidf,5415bd613235,8,0.589433,0.295544,0.333333,0.45119
1,tfidf,54578ed2a62f,3,0.919721,0.919721,1.0,0.833333
1,tfidf,57720105064a,7,0.906025,0.906025,1.0,0.805556
1,tfidf,5d40440b9717,3,0.669672,0.669672,0.5,0.583333
1,tfidf,5fcb77f2fb83,3,0.693426,0.693426,0.5,0.583333
1,tfidf,60411c10d3dc,3,0.867087,0.867087,,
1,tfidf,613621ee041a,4,1.0,1.0,1.0,1.0
1,tfidf,61a55936e790,3,0.5,0.5,0.333333,0.333333
1,tfidf,62a984d77d48,3,1.0,1.0,1.0,1.0
1,tfidf,63c0b5393c12,3,0.919721,0.919721,1.0,0.833333
1,tfidf,6433be1595e0,3,1.0,1.0,1.0,1.0
1,tfidf,648a0a5334dd,6,0.850345,0.850345,1.0,0.7
1,tfidf,650481ee7bab,4,1.0,1.0,1.0,1.0
1,tfidf,662384429eab,15,0.420753,0.140417,0.2,0.390018
1,tfidf,66eebb032a98,4,1.0,1.0,1.0,1.0
1,tfidf,67f2747427a9,5,0.946902,0.946902,1.0,0.866667
1,tfidf,690cc401b061,2,1.0,1.0,1.0,1.0
1,tfidf,696ecaba8353,13,0.905462,0.853932,1.0,0.833333
1,tfidf,696ef28bc65a,2,0.63093,0.63093,0.5,0.5
1,tfidf,6a540d1aa852,2,0.63093,0.63093,0.5,0.5
1,tfidf,6a6ad18c8669,4,0.5,0.5,0.333333,0.333333
1,tfidf,6b4cfeeeadea,9,0.912156,0.684352,1.0,0.778333
1,tfidf,6b5535e2f25e,4,0.919721,0.919721,1.0,0.833333
1,tfidf,6cf2d9a2a90b,4,0.693426,0.693426,0.5,0.583333
1,tfidf,6d7435e475bf,7,1.0,1.0,1.0,1.0
1,tfidf,702f3c7ea663,5,0.904717,0.904717,1.0,0.804167
1,tfidf,7465b1ac6ff5,2,0.63093,0.63093,0.5,0.5
1,tfidf,7655b0b508a5,9,0.712561,0.52575,0.5,0.577183
1,tfidf,7668e8bd8d3b,4,0.570642,0.570642,0.333333,0.416667
1,tfidf,77aafa519ec2,2,0.859719,0.859719,,
1,tfidf,77f71b61c082,8,0.688381,0.617346,0.5,0.542857
1,tfidf,785eafe853d0,7,0.455605,0.237198,0.2,0.266667
1,tfidf,78fee8bed05e,8,0.616595,0.363318,0.333333,0.440476
1,tfidf,797cc42aa228,5,0.967468,0.967468,1.0,0.916667
1,tfidf,7a0dda470745,3,1.0,1.0,1.0,1.0
1,tfidf,7bb6272c3211,8,0.742907,0.591089,1.0,0.733333
1,tfidf,7d940d6f119c,3,0.5,0.5,0.333333,0.333333
1,tfidf,8085eb9687de,3,0.5,0.5,0.333333,0.333333
1,tfidf,821648eaa49c,6,0.838547,0.671386,1.0,0.666667
1,tfidf,82e733317cf4,4,0.693426,0.693426,0.5,0.583333
1,tfidf,839ef4f3621d,2,1.0,1.0,1.0,1.0
1,tfidf,84538d1833b9,4,1.0,1.0,1.0,1.0
1,tfidf,8508661d8f72,2,1.0,1.0,1.0,1.0
1,tfidf,86c7e6c767c0,3,0.919721,0.919721,1.0,0.833333
1,tfidf,878c690ee2c6,7,0.687148,0.530721,0.5,0.531746
1,tfidf,8ad785f22940,5,0.850345,0.850345,1.0,0.7
1,tfidf,8b0ff9aeb55d,18,0.47449,0.352623,0.5,0.63076
1,tfidf,8fa4263f01b5,7,0.771883,0.707236,0.5,0.71
1,tfidf,9015dbb5ba34,5,0.501266,0.501266,0.25,0.325
1,tfidf,97296c5249a0,5,0.501266,0.501266,0.25,0.325
1,tfidf,97de12426af9,15,0.358534,0.202107,0.25,0.261905
1,tfidf,994dfbef548b,2,0.63093,0.63093,0.5,0.5
1,tfidf,9bdbe7f6f13c,2,1.0,1.0,1.0,1.0
1,tfidf,9e47116c4f45,11,0.754199,0.636682,1.0,0.674242
1,tfidf,a176bab9db62,2,0.63093,0.63093,0.5,0.5
1,tfidf,a266bb73d58a,5,0.919721,0.919721,1.0,0.833333
1,tfidf,a8681cc39733,5,0.982892,0.982892,1.0,0.95
1,tfidf,a9468d6b3d20,6,1.0,1.0,1.0,1.0
1,tfidf,a984ee093c7d,4,0.919721,0.919721,1.0,0.833333
1,tfidf,a99e1aa0cb66,4,0.919721,0.919721,1.0,0.833333
1,tfidf,aa21e203c640,6,0.94458,0.815287,1.0,0.966667
1,tfidf,ab547b5c9dad,2,0.63093,0.63093,0.5,0.5
1,tfidf,ada6da8290d2,3,0.919721,0.919721,1.0,0.833333
1,tfidf,adbf2fe884af,3,1.0,1.0,1.0,1.0
1,tfidf,ae5fbd22fb6f,8,1.0,1.0,1.0,1.0
1,tfidf,ae68cab2fef2,5,0.985227,0.985227,1.0,1.0
1,tfidf,ae8cadbebd42,4,1.0,1.0,1.0,1.0
1,tfidf,aea2db14e25c,6,0.906025,0.906025,1.0,0.805556
1,tfidf,aee19b6c4764,6,0.693426,0.693426,0.5,0.583333
1,tfidf,b34576fa23ff,2,1.0,1.0,1.0,1.0
1,tfidf,b354c165795a,6,0.951231,0.83042,1.0,0.876667
1,tfidf,b79ea79f64f8,10,0.772541,0.66084,0.5,0.656944
1,tfidf,b80ea8710b4b,10,0.767833,0.66084,0.5,0.668333
1,tfidf,baf1c40235a7,2,0.63093,0.63093,0.5,0.5
1,tfidf,bb6fc93c50e5,4,0.619906,0.619906,0.5,0.583333
1,tfidf,bb82c3a81425,9,0.806574,0.613147,1.0,0.625
1,tfidf,bc72b00d95b6,9,0.985339,0.915211,1.0,0.926667
1,tfidf,be4397b99b36,2,0.63093,0.63093,0.5,0.5
1,tfidf,bf7e97d43c15,11,0.55542,0.373819,0.333333,0.517629
1,tfidf,c0412de7cd29,7,0.875646,0.73659,1.0,0.733333
1,tfidf,c45bbf786081,5,0.501266,0.501266,0.25,0.325
1,tfidf,c57f8736fae3,6,0.904717,0.904717,1.0,0.804167
1,tfidf,c7d3f2e8477d,10,0.633734,0.315648,0.333333,0.452381
1,tfidf,c87fe032ef2a,2,1.0,1.0,1.0,1.0
1,tfidf,ca34fc52c221,12,0.950226,0.853932,1.0,0.852381
1,tfidf,ca8e2362fb79,5,0.95583,0.95583,1.0,0.8875
1,tfidf,cc8d5d4a2093,12,0.356207,0.0,0.166667,0.166667
1,tfidf,ccf4f2a4a4b0,4,1.0,1.0,1.0,1.0
1,tfidf,cdbc60f8daee,14,0.838971,0.699215,1.0,0.776283
1,tfidf,ce087bff3370,5,0.919721,0.919721,1.0,0.833333
1,tfidf,ce7f82f99470,8,0.975788,0.868795,1.0,0.925
1,tfidf,cf25274e6ebe,6,0.951231,0.83042,1.0,0.876667
1,tfidf,cf4760235323,4,0.967468,0.967468,1.0,0.916667
1,tfidf,cfe7402e0c46,5,0.863458,0.863458,1.0,0.7
1,tfidf,d322146d662c,3,1.0,1.0,1.0,1.0
1,tfidf,d4a082a8c5c9,10,0.486009,0.181542,0.2,0.286905
1,tfidf,d74515aabf7d,10,0.807372,0.485229,1.0,0.596825
1,tfidf,d92868363577,7,0.860344,0.703918,1.0,0.698413
1,tfidf,d9db974b8638,5,0.650921,0.650921,0.5,0.5
1,tfidf,ddf2656a8565,4,0.732829,0.732829,0.5,0.638889
1,tfidf,df1202617213,3,1.0,1.0,1.0,1.0
1,tfidf,e0ac4f55cf3f,3,0.919721,0.919721,1.0,0.833333
1,tfidf,e0e35be40cf0,6,1.0,1.0,1.0,1.0
1,tfidf,e1c3672bea3a,4,1.0,1.0,1.0,1.0
1,tfidf,e5efb2bb81fa,2,1.0,1.0,,
1,tfidf,e9d33ed525c4,8,0.899067,0.786014,1.0,0.78619
1,tfidf,ebc57900d0b5,3,1.0,1.0,1.0,1.0
1,tfidf,ed2168c21cf1,2,0.63093,0.63093,0.5,0.5
1,tfidf,f013284797f9,5,0.982892,0.982892,1.0,0.95
1,tfidf,f17b031a1618,4,0.5,0.5,0.333333,0.333333
1,tfidf,f2b519f794c7,10,0.914703,0.684352,1.0,0.788492
1,tfidf,f2bf39e7196f,4,0.693426,0.693426,0.5,0.583333
1,tfidf,f459e14e173d,5,0.905041,0.905041,1.0,0.866667
1,tfidf,f57d2e764c36,5,0.900313,0.900313,1.0,0.755556
1,tfidf,f5cfef367792,6,0.83653,0.707236,1.0,0.876667
1,tfidf,f7ea7f0d3002,4,0.877215,0.877215,1.0,0.75
1,tfidf,f869614bf6da,3,1.0,1.0,1.0,1.0
1,tfidf,fa0a82b854b0,5,0.92834,0.92834,1.0,0.916667
1,tfidf,fabab1f2a9ac,9,0.934704,0.816774,1.0,0.848611
1,tfidf,fc086773a9f8,6,0.95583,0.95583,1.0,0.8875
1,tfidf,fc095e331f80,9,0.732771,0.60962,0.5,0.604167
1,tfidf,fc15846cdd34,5,1.0,1.0,1.0,1.0
1,tfidf,fc57c4cfac8c,14,0.902329,0.722727,1.0,0.812202
1,tfidf,fd5fb3568f28,5,0.919721,0.919721,1.0,0.833333
1,semantic,0048c170bcec,4,0.650921,0.650921,0.5,0.5
1,semantic,03eeb3f2198b,3,1.0,1.0,1.0,1.0
1,semantic,062199eaf593,5,1.0,1.0,1.0,1.0
1,semantic,0cf4d649ae6d,10,0.872302,0.763037,1.0,0.754444
1,semantic,0f426cf82a7f,9,0.378002,0.0,0.125,0.173611
1,semantic,0f452544a00a,2,1.0,1.0,1.0,1.0
1,semantic,121bb95534e4,5,0.650921,0.650921,0.5,0.5
1,semantic,155aab1f3316,7,0.866716,0.73659,1.0,0.709524
1,semantic,15aa51f3c370,2,1.0,1.0,1.0,1.0
1,semantic,183a9943f52f,8,1.0,1.0,1.0,1.0
1,semantic,19f1bf5c252c,14,0.822371,0.615733,1.0,0.815514
1,semantic,1ab5a4ec2067,4,0.957325,0.957325,,
1,semantic,1b258fabbaf7,2,1.0,1.0,1.0,1.0
1,semantic,1b4aa98f6543,3,1.0,1.0,1.0,1.0
1,semantic,1de6a4f1ab97,3,1.0,1.0,1.0,1.0
1,semantic,1f4faad6e60c,5,0.386853,0.386853,0.2,0.2
1,semantic,1f506269424f,5,0.5,0.5,0.333333,0.333333
1,semantic,20935defdc79,13,0.906029,0.786014,1.0,0.80102
1,semantic,22ea43f400cd,3,0.63093,0.63093,0.5,0.5
1,semantic,236f48d9f371,5,0.386853,0.386853,0.2,0.2
1,semantic,256adc117895,13,0.72383,0.71298,1.0,0.744129
1,semantic,25b80d939833,12,0.411834,0.0,0.166667,0.208333
1,semantic,2637bf13897a,4,1.0,1.0,1.0,1.0
1,semantic,26ade05293dc,5,0.693426,0.693426,0.5,0.583333
1,semantic,2a540b5dfad9,4,0.715746,0.715746,0.5,0.638889
1,semantic,2a66464e0cf7,5,1.0,1.0,1.0,1.0
1,semantic,2c5302c101f6,3,0.63093,0.63093,0.5,0.5
1,semantic,2db497224fb1,11,0.370291,0.234639,0.333333,0.268687
1,semantic,2ddeb9372b38,7,0.906825,0.786014,1.0,0.81
1,semantic,2e4e089b5ac7,9,0.773893,0.66084,0.5,0.68619
1,semantic,30380a0a655a,4,0.693426,0.693426,0.5,0.583333
1,semantic,30914f6fdf21,8,0.656506,0.315648,0.333333,0.505952
1,semantic,31cf2b8862a1,5,0.501266,0.501266,0.25,0.325
1,semantic,32c5799fc8ae,6,0.664257,0.512438,0.5,0.608333
1,semantic,34403431dba9,3,0.619906,0.619906,0.5,0.583333
1,semantic,34e21a45b703,6,0.906825,0.786014,1.0,0.81
1,semantic,353fe8d3d48a,3,1.0,1.0,1.0,1.0
1,semantic,386978dec6bc,13,0.705246,0.722727,1.0,0.745799
1,semantic,3984dc63a260,3,1.0,1.0,1.0,1.0
1,semantic,39e96d28c48c,4,1.0,1.0,1.0,1.0
1,semantic,3c1a85ba49f5,3,0.919721,0.919721,1.0,0.833333
1,semantic,3ebb6be04fd8,6,0.624051,0.624051,0.5,0.45
1,semantic,3f73831e96aa,5,0.919721,0.919721,1.0,0.833333
1,semantic,3fee8189e3b4,4,0.985227,0.985227,,
1,semantic,4746acdaa6a5,2,1.0,1.0,1.0,1.0
1,semantic,4a9a077f10e1,10,0.845185,0.703918,1.0,0.666667
1,semantic,4c7357cf6d7c,6,0.904717,0.904717,1.0,0.804167
1,semantic,4f218377e2b3,3,1.0,1.0,1.0,1.0
1,semantic,4fb3cab336fb,13,0.736625,0.49126,0.5,0.644104
1,semantic,4fda275b2737,10,0.455605,0.237198,0.2,0.266667
1,semantic,505a04ba1816,4,1.0,1.0,1.0,1.0
1,semantic,5139b27d3ecc,5,0.693426,0.693426,0.5,0.583333
1,semantic,51488b910eff,3,1.0,1.0,1.0,1.0
1,semantic,5185d3d45f6c,3,0.693426,0.693426,0.5,0.583333
1,semantic,5415bd613235,8,0.854551,0.560663,1.0,0.767857
1,semantic,54578ed2a62f,3,0.919721,0.919721,1.0,0.833333
1,semantic,57720105064a,7,0.583342,0.416181,0.333333,0.411111
1,semantic,5d40440b9717,3,0.619906,0.619906,0.5,0.583333
1,semantic,5fcb77f2fb83,3,0.919721,0.919721,1.0,0.833333
1,semantic,60411c10d3dc,3,0.965195,0.965195,,
1,semantic,613621ee041a,4,0.967468,0.967468,1.0,0.916667
1,semantic,61a55936e790,3,0.5,0.5,0.333333,0.333333
1,semantic,62a984d77d48,3,1.0,1.0,1.0,1.0
1,semantic,63c0b5393c12,3,0.919721,0.919721,1.0,0.833333
1,semantic,6433be1595e0,3,0.693426,0.693426,0.5,0.583333
1,semantic,648a0a5334dd,6,0.693426,0.693426,0.5,0.583333
1,semantic,650481ee7bab,4,1.0,1.0,1.0,1.0
1,semantic,662384429eab,15,0.676357,0.544458,1.0,0.55405
1,semantic,66eebb032a98,4,1.0,1.0,1.0,1.0
1,semantic,67f2747427a9,5,1.0,1.0,1.0,1.0
1,semantic,690cc401b061,2,0.63093,0.63093,0.5,0.5
1,semantic,696ecaba8353,13,0.799089,0.699215,1.0,0.766588
1,semantic,696ef28bc65a,2,0.63093,0.63093,0.5,0.5
1,semantic,6a540d1aa852,2,1.0,1.0,1.0,1.0
1,semantic,6a6ad18c8669,4,0.430677,0.430677,0.25,0.25
1,semantic,6b4cfeeeadea,9,0.877717,0.654809,1.0,0.727778
1,semantic,6b5535e2f25e,4,1.0,1.0,1.0,1.0
1,semantic,6cf2d9a2a90b,4,0.877215,0.877215,1.0,0.75
1,semantic,6d7435e475bf,7,0.967468,0.967468,1.0,0.916667
1,semantic,702f3c7ea663,5,0.904717,0.904717,1.0,0.804167
1,semantic,7465b1ac6ff5,2,1.0,1.0,1.0,1.0
1,semantic,7655b0b508a5,9,0.718921,0.52575,0.5,0.621825
1,semantic,7668e8bd8d3b,4,0.650921,0.650921,0.5,0.5
1,semantic,77aafa519ec2,2,0.859719,0.859719,,
1,semantic,77f71b61c082,8,0.63721,0.360687,0.5,0.482143
1,semantic,785eafe853d0,7,0.543771,0.543771,0.333333,0.366667
1,semantic,78fee8bed05e,8,0.803607,0.5414,1.0,0.6
1,semantic,797cc42aa228,5,0.679731,0.679731,0.5,0.533333
1,semantic,7a0dda470745,3,1.0,1.0,1.0,1.0
1,semantic,7bb6272c3211,8,0.865546,0.731092,1.0,0.729167
1,semantic,7d940d6f119c,3,1.0,1.0,1.0,1.0
1,semantic,8085eb9687de,3,0.63093,0.63093,0.5,0.5
1,semantic,821648eaa49c,6,0.852928,0.852928,1.0,0.7
1,semantic,82e733317cf4,4,1.0,1.0,1.0,1.0
1,semantic,839ef4f3621d,2,1.0,1.0,1.0,1.0
1,semantic,84538d1833b9,4,1.0,1.0,1.0,1.0
1,semantic,8508661d8f72,2,1.0,1.0,1.0,1.0
1,semantic,86c7e6c767c0,3,1.0,1.0,1.0,1.0
1,semantic,878c690ee2c6,7,0.603907,0.436747,0.333333,0.444444
1,semantic,8ad785f22940,5,0.570642,0.570642,0.333333,0.416667
1,semantic,8b0ff9aeb55d,18,0.634961,0.49126,0.5,0.606565
1,semantic,8fa4263f01b5,7,0.861692,0.732399,1.0,0.926667
1,semantic,9015dbb5ba34,5,0.624051,0.624051,0.5,0.45
1,semantic,97296c5249a0,5,0.543771,0.543771,0.333333,0.366667
1,semantic,97de12426af9,15,0.369268,0.202107,0.25,0.277778
1,semantic,994dfbef548b,2,0.63093,0.63093,0.5,0.5
1,semantic,9bdbe7f6f13c,2,1.0,1.0,1.0,1.0
1,semantic,9e47116c4f45,11,0.638636,0.246302,0.5,0.440476
1,semantic,a176bab9db62,2,0.63093,0.63093,0.5,0.5
1,semantic,a266bb73d58a,5,0.543771,0.543771,0.333333,0.366667
1,semantic,a8681cc39733,5,0.95583,0.95583,1.0,0.8875
1,semantic,a9468d6b3d20,6,1.0,1.0,1.0,1.0
1,semantic,a984ee093c7d,4,0.919721,0.919721,1.0,0.833333
1,semantic,a99e1aa0cb66,4,1.0,1.0,1.0,1.0
1,semantic,aa21e203c640,6,0.89233,0.763037,1.0,0.81
1,semantic,ab547b5c9dad,2,1.0,1.0,1.0,1.0
1,semantic,ada6da8290d2,3,1.0,1.0,1.0,1.0
1,semantic,adbf2fe884af,3,1.0,1.0,1.0,1.0
1,semantic,ae5fbd22fb6f,8,0.951231,0.83042,1.0,0.876667
1,semantic,ae68cab2fef2,5,0.985227,0.985227,1.0,1.0
1,semantic,ae8cadbebd42,4,0.919721,0.919721,1.0,0.833333
1,semantic,aea2db14e25c,6,0.618289,0.618289,0.333333,0.477778
1,semantic,aee19b6c4764,6,0.60526,0.386853,0.5,0.416667
1,semantic,b34576fa23ff,2,0.63093,0.63093,0.5,0.5
1,semantic,b354c165795a,6,0.974743,0.853932,1.0,0.926667
1,semantic,b79ea79f64f8,10,0.753627,0.514771,0.5,0.620833
1,semantic,b80ea8710b4b,10,0.844238,0.616434,1.0,0.678333
1,semantic,baf1c40235a7,2,1.0,1.0,1.0,1.0
1,semantic,bb6fc93c50e5,4,0.707489,0.707489,1.0,0.75
1,semantic,bb82c3a81425,9,0.877215,0.877215,1.0,0.75
1,semantic,bc72b00d95b6,9,0.937286,0.867159,1.0,0.926667
1,semantic,be4397b99b36,2,1.0,1.0,1.0,1.0
1,semantic,bf7e97d43c15,11,0.459728,0.0,0.166667,0.386213
1,semantic,c0412de7cd29,7,0.943866,0.80481,1.0,0.854167
1,semantic,c45bbf786081,5,0.501266,0.501266,0.25,0.325
1,semantic,c57f8736fae3,6,0.95583,0.95583,1.0,0.8875
1,semantic,c7d3f2e8477d,10,0.690696,0.383566,0.5,0.497222
1,semantic,c87fe032ef2a,2,1.0,1.0,1.0,1.0
1,semantic,ca34fc52c221,12,0.874949,0.654809,1.0,0.718056
1,semantic,ca8e2362fb79,5,1.0,1.0,1.0,1.0
1,semantic,cc8d5d4a2093,12,0.5,0.5,0.333333,0.333333
1,semantic,ccf4f2a4a4b0,4,1.0,1.0,1.0,1.0
1,semantic,cdbc60f8daee,14,0.808116,0.786014,1.0,0.738188
1,semantic,ce087bff3370,5,0.624051,0.624051,0.5,0.45
1,semantic,ce7f82f99470,8,0.966985,0.853932,1.0,0.902857
1,semantic,cf25274e6ebe,6,0.906825,0.786014,1.0,0.81
1,semantic,cf4760235323,4,0.906025,0.906025,1.0,0.805556
1,semantic,cfe7402e0c46,5,0.597632,0.597632,0.333333,0.477778
1,semantic,d322146d662c,3,1.0,1.0,1.0,1.0
1,semantic,d4a082a8c5c9,10,0.543067,0.234639,0.333333,0.333333
1,semantic,d74515aabf7d,10,0.599417,0.277273,0.25,0.426825
1,semantic,d92868363577,7,0.906025,0.906025,1.0,0.805556
1,semantic,d9db974b8638,5,0.877215,0.877215,1.0,0.75
1,semantic,ddf2656a8565,4,1.0,1.0,1.0,1.0
1,semantic,df1202617213,3,0.919721,0.919721,1.0,0.833333
1,semantic,e0ac4f55cf3f,3,0.919721,0.919721,1.0,0.833333
1,semantic,e0e35be40cf0,6,1.0,1.0,1.0,1.0
1,semantic,e1c3672bea3a,4,1.0,1.0,1.0,1.0
1,semantic,e5efb2bb81fa,2,0.859719,0.859719,,
1,semantic,e9d33ed525c4,8,0.989606,0.868795,1.0,0.966667
1,semantic,ebc57900d0b5,3,1.0,1.0,1.0,1.0
1,semantic,ed2168c21cf1,2,1.0,1.0,1.0,1.0
1,semantic,f013284797f9,5,0.95583,0.95583,1.0,0.8875
1,semantic,f17b031a1618,4,0.430677,0.430677,0.25,0.25
1,semantic,f2b519f794c7,10,0.958215,0.853932,1.0,0.877381
1,semantic,f2bf39e7196f,4,0.693426,0.693426,0.5,0.583333
1,semantic,f459e14e173d,5,0.867087,0.867087,1.0,1.0
1,semantic,f57d2e764c36,5,0.806932,0.806932,1.0,0.866667
1,semantic,f5cfef367792,6,0.979465,0.979465,1.0,1.0
1,semantic,f7ea7f0d3002,4,1.0,1.0,1.0,1.0
1,semantic,f869614bf6da,3,1.0,1.0,1.0,1.0
1,semantic,fa0a82b854b0,5,0.965195,0.965195,1.0,1.0
1,semantic,fabab1f2a9ac,9,0.67108,0.397249,0.5,0.620833
1,semantic,fc086773a9f8,6,0.943866,0.80481,1.0,0.854167
1,semantic,fc095e331f80,9,0.875646,0.73659,1.0,0.733333
1,semantic,fc15846cdd34,5,1.0,1.0,1.0,1.0
1,semantic,fc57c4cfac8c,14,0.566991,0.514771,0.5,0.562943
1,semantic,fd5fb3568f28,5,0.543771,0.543771,0.333333,0.366667
1,hybrid,0048c170bcec,4,0.650921,0.650921,0.5,0.5
1,hybrid,03eeb3f2198b,3,1.0,1.0,1.0,1.0
1,hybrid,062199eaf593,5,1.0,1.0,1.0,1.0
1,hybrid,0cf4d649ae6d,10,0.766321,0.637028,0.5,0.71
1,hybrid,0f426cf82a7f,9,0.388958,0.0,0.142857,0.18254
1,hybrid,0f452544a00a,2,1.0,1.0,1.0,1.0
1,hybrid,121bb95534e4,5,0.877215,0.877215,1.0,0.75
1,hybrid,155aab1f3316,7,1.0,1.0,1.0,1.0
1,hybrid,15aa51f3c370,2,1.0,1.0,1.0,1.0
1,hybrid,183a9943f52f,8,0.773746,0.469279,1.0,0.553571
1,hybrid,19f1bf5c252c,14,0.697023,0.514771,0.5,0.661348
1,hybrid,1ab5a4ec2067,4,0.957325,0.957325,,
1,hybrid,1b258fabbaf7,2,1.0,1.0,1.0,1.0
1,hybrid,1b4aa98f6543,3,1.0,1.0,1.0,1.0
1,hybrid,1de6a4f1ab97,3,1.0,1.0,1.0,1.0
1,hybrid,1f4faad6e60c,5,0.386853,0.386853,0.2,0.2
1,hybrid,1f506269424f,5,0.5,0.5,0.333333,0.333333
1,hybrid,20935defdc79,13,0.760681,0.616434,1.0,0.64308
1,hybrid,22ea43f400cd,3,1.0,1.0,1.0,1.0
1,hybrid,236f48d9f371,5,1.0,1.0,1.0,1.0
1,hybrid,256adc117895,13,0.878492,0.868795,1.0,0.851028
1,hybrid,25b80d939833,12,1.0,1.0,1.0,1.0
1,hybrid,2637bf13897a,4,1.0,1.0,1.0,1.0
1,hybrid,26ade05293dc,5,0.877215,0.877215,1.0,0.75
1,hybrid,2a540b5dfad9,4,0.715746,0.715746,0.5,0.638889
1,hybrid,2a66464e0cf7,5,1.0,1.0,1.0,1.0
1,hybrid,2c5302c101f6,3,0.63093,0.63093,0.5,0.5
1,hybrid,2db497224fb1,11,0.610546,0.469279,1.0,0.498316
1,hybrid,2ddeb9372b38,7,0.899067,0.786014,1.0,0.78619
1,hybrid,2e4e089b5ac7,9,0.781651,0.66084,0.5,0.71
1,hybrid,30380a0a655a,4,0.919721,0.919721,1.0,0.833333
1,hybrid,30914f6fdf21,8,0.742576,0.514771,0.5,0.611667
1,hybrid,31cf2b8862a1,5,0.877215,0.877215,1.0,0.75
1,hybrid,32c5799fc8ae,6,0.817389,0.66557,1.0,0.854167
1,hybrid,34403431dba9,3,0.760188,0.760188,1.0,0.833333
1,hybrid,34e21a45b703,6,0.906825,0.786014,1.0,0.81
1,hybrid,353fe8d3d48a,3,1.0,1.0,1.0,1.0
1,hybrid,386978dec6bc,13,0.752445,0.786014,1.0,0.746052
1,hybrid,3984dc63a260,3,1.0,1.0,1.0,1.0
1,hybrid,39e96d28c48c,4,1.0,1.0,1.0,1.0
1,hybrid,3c1a85ba49f5,3,0.693426,0.693426,0.5,0.583333
1,hybrid,3ebb6be04fd8,6,0.543771,0.543771,0.333333,0.366667
1,hybrid,3f73831e96aa,5,1.0,1.0,1.0,1.0
1,hybrid,3fee8189e3b4,4,0.985227,0.985227,,
1,hybrid,4746acdaa6a5,2,1.0,1.0,1.0,1.0
1,hybrid,4a9a077f10e1,10,0.604509,0.296082,0.5,0.388889
1,hybrid,4c7357cf6d7c,6,0.970929,0.831872,1.0,0.916667
1,hybrid,4f218377e2b3,3,1.0,1.0,1.0,1.0
1,hybrid,4fb3cab336fb,13,0.603268,0.446854,0.333333,0.586107
1,hybrid,4fda275b2737,10,0.448644,0.264068,0.25,0.236111
1,hybrid,505a04ba1816,4,0.919721,0.919721,1.0,0.833333
1,hybrid,5139b27d3ecc,5,0.877215,0.877215,1.0,0.75
1,hybrid,51488b910eff,3,0.919721,0.919721,1.0,0.833333
1,hybrid,5185d3d45f6c,3,0.919721,0.919721,1.0,0.833333
1,hybrid,5415bd613235,8,0.630921,0.479103,0.333333,0.525
1,hybrid,54578ed2a62f,3,0.919721,0.919721,1.0,0.833333
1,hybrid,57720105064a,7,0.644784,0.477624,0.5,0.466667
1,hybrid,5d40440b9717,3,0.619906,0.619906,0.5,0.583333
1,hybrid,5fcb77f2fb83,3,0.919721,0.919721,1.0,0.833333
1,hybrid,60411c10d3dc,3,0.965195,0.965195,,
1,hybrid,613621ee041a,4,1.0,1.0,1.0,1.0
1,hybrid,61a55936e790,3,1.0,1.0,1.0,1.0
1,hybrid,62a984d77d48,3,1.0,1.0,1.0,1.0
1,hybrid,63c0b5393c12,3,0.919721,0.919721,1.0,0.833333
1,hybrid,6433be1595e0,3,0.693426,0.693426,0.5,0.583333
1,hybrid,648a0a5334dd,6,0.693426,0.693426,0.5,0.583333
1,hybrid,650481ee7bab,4,1.0,1.0,1.0,1.0
1,hybrid,662384429eab,15,0.687444,0.62262,1.0,0.624038
1,hybrid,66eebb032a98,4,1.0,1.0,1.0,1.0
1,hybrid,67f2747427a9,5,1.0,1.0,1.0,1.0
1,hybrid,690cc401b061,2,0.63093,0.63093,0.5,0.5
1,hybrid,696ecaba8353,13,0.753262,0.595237,0.5,0.715316
1,hybrid,696ef28bc65a,2,1.0,1.0,1.0,1.0
1,hybrid,6a540d1aa852,2,1.0,1.0,1.0,1.0
1,hybrid,6a6ad18c8669,4,0.5,0.5,0.333333,0.333333
1,hybrid,6b4cfeeeadea,9,0.869959,0.654809,1.0,0.70873
1,hybrid,6b5535e2f25e,4,0.877215,0.877215,1.0,0.75
1,hybrid,6cf2d9a2a90b,4,0.877215,0.877215,1.0,0.75
1,hybrid,6d7435e475bf,7,1.0,1.0,1.0,1.0
1,hybrid,702f3c7ea663,5,0.904717,0.904717,1.0,0.804167
1,hybrid,7465b1ac6ff5,2,1.0,1.0,1.0,1.0
1,hybrid,7655b0b508a5,9,0.868239,0.750455,1.0,0.786111
1,hybrid,7668e8bd8d3b,4,1.0,1.0,1.0,1.0
1,hybrid,77aafa519ec2,2,0.859719,0.859719,,
1,hybrid,77f71b61c082,8,0.794511,0.517988,1.0,0.607143
1,hybrid,785eafe853d0,7,0.570642,0.570642,0.333333,0.416667
1,hybrid,78fee8bed05e,8,0.676637,0.41443,0.5,0.5
1,hybrid,797cc42aa228,5,0.679731,0.679731,0.5,0.533333
1,hybrid,7a0dda470745,3,0.919721,0.919721,1.0,0.833333
1,hybrid,7bb6272c3211,8,0.837186,0.695117,1.0,0.892857
1,hybrid,7d940d6f119c,3,1.0,1.0,1.0,1.0
1,hybrid,8085eb9687de,3,0.5,0.5,0.333333,0.333333
1,hybrid,821648eaa49c,6,0.852928,0.852928,1.0,0.7
1,hybrid,82e733317cf4,4,1.0,1.0,1.0,1.0
1,hybrid,839ef4f3621d,2,1.0,1.0,1.0,1.0
1,hybrid,84538d1833b9,4,1.0,1.0,1.0,1.0
1,hybrid,8508661d8f72,2,1.0,1.0,1.0,1.0
1,hybrid,86c7e6c767c0,3,0.919721,0.919721,1.0,0.833333
1,hybrid,878c690ee2c6,7,0.540075,0.383649,0.25,0.359524
1,hybrid,8ad785f22940,5,0.570642,0.570642,0.333333,0.416667
1,hybrid,8b0ff9aeb55d,18,0.753512,0.746939,1.0,0.791641
1,hybrid,8fa4263f01b5,7,0.918036,0.732399,1.0,0.79619
1,hybrid,9015dbb5ba34,5,0.543771,0.543771,0.333333,0.366667
1,hybrid,97296c5249a0,5,0.650921,0.650921,0.5,0.5
1,hybrid,97de12426af9,15,0.458461,0.181542,0.2,0.240741
1,hybrid,994dfbef548b,2,1.0,1.0,1.0,1.0
1,hybrid,9bdbe7f6f13c,2,1.0,1.0,1.0,1.0
1,hybrid,9e47116c4f45,11,0.564607,0.19519,0.333333,0.35
1,hybrid,a176bab9db62,2,0.63093,0.63093,0.5,0.5
1,hybrid,a266bb73d58a,5,0.919721,0.919721,1.0,0.833333
1,hybrid,a8681cc39733,5,0.95583,0.95583,1.0,0.8875
1,hybrid,a9468d6b3d20,6,1.0,1.0,1.0,1.0
1,hybrid,a984ee093c7d,4,0.877215,0.877215,1.0,0.75
1,hybrid,a99e1aa0cb66,4,1.0,1.0,1.0,1.0
1,hybrid,aa21e203c640,6,0.94458,0.815287,1.0,0.966667
1,hybrid,ab547b5c9dad,2,0.63093,0.63093,0.5,0.5
1,hybrid,ada6da8290d2,3,0.919721,0.919721,1.0,0.833333
1,hybrid,adbf2fe884af,3,1.0,1.0,1.0,1.0
1,hybrid,ae5fbd22fb6f,8,0.989606,0.868795,1.0,0.966667
1,hybrid,ae68cab2fef2,5,0.951776,0.951776,1.0,0.8875
1,hybrid,ae8cadbebd42,4,1.0,1.0,1.0,1.0
1,hybrid,aea2db14e25c,6,0.732829,0.732829,0.5,0.638889
1,hybrid,aee19b6c4764,6,0.60526,0.386853,0.5,0.416667
1,hybrid,b34576fa23ff,2,1.0,1.0,1.0,1.0
1,hybrid,b354c165795a,6,0.989606,0.868795,1.0,0.966667
1,hybrid,b79ea79f64f8,10,0.792858,0.66084,0.5,0.716667
1,hybrid,b80ea8710b4b,10,0.970892,0.868795,1.0,0.911111
1,hybrid,baf1c40235a7,2,1.0,1.0,1.0,1.0
1,hybrid,bb6fc93c50e5,4,0.707489,0.707489,1.0,0.75
1,hybrid,bb82c3a81425,9,0.919721,0.919721,1.0,0.833333
1,hybrid,bc72b00d95b6,9,0.842551,0.718337,1.0,0.885
1,hybrid,be4397b99b36,2,0.63093,0.63093,0.5,0.5
1,hybrid,bf7e97d43c15,11,0.459728,0.0,0.166667,0.386213
1,hybrid,c0412de7cd29,7,0.866716,0.73659,1.0,0.709524
1,hybrid,c45bbf786081,5,0.570642,0.570642,0.333333,0.416667
1,hybrid,c57f8736fae3,6,0.970929,0.831872,1.0,0.916667
1,hybrid,c7d3f2e8477d,10,0.622778,0.315648,0.333333,0.430556
1,hybrid,c87fe032ef2a,2,1.0,1.0,1.0,1.0
1,hybrid,ca34fc52c221,12,0.940953,0.722727,1.0,0.830159
1,hybrid,ca8e2362fb79,5,0.95583,0.95583,1.0,0.8875
1,hybrid,cc8d5d4a2093,12,0.63093,0.63093,0.5,0.5
1,hybrid,ccf4f2a4a4b0,4,0.5,0.5,0.333333,0.333333
1,hybrid,cdbc60f8daee,14,0.669864,0.383566,0.5,0.57568
1,hybrid,ce087bff3370,5,0.919721,0.919721,1.0,0.833333
1,hybrid,ce7f82f99470,8,1.0,1.0,1.0,1.0
1,hybrid,cf25274e6ebe,6,0.781651,0.66084,0.5,0.71
1,hybrid,cf4760235323,4,0.732829,0.732829,0.5,0.638889
1,hybrid,cfe7402e0c46,5,0.863458,0.863458,1.0,0.7
1,hybrid,d322146d662c,3,0.5,0.5,0.333333,0.333333
1,hybrid,d4a082a8c5c9,10,0.496743,0.181542,0.2,0.302778
1,hybrid,d74515aabf7d,10,0.714908,0.514771,0.5,0.542222
1,hybrid,d92868363577,7,0.906025,0.906025,1.0,0.805556
1,hybrid,d9db974b8638,5,0.850345,0.850345,1.0,0.7
1,hybrid,ddf2656a8565,4,0.906025,0.906025,1.0,0.805556
1,hybrid,df1202617213,3,0.919721,0.919721,1.0,0.833333
1,hybrid,e0ac4f55cf3f,3,0.919721,0.919721,1.0,0.833333
1,hybrid,e0e35be40cf0,6,1.0,1.0,1.0,1.0
1,hybrid,e1c3672bea3a,4,0.906025,0.906025,1.0,0.805556
1,hybrid,e5efb2bb81fa,2,0.859719,0.859719,,
1,hybrid,e9d33ed525c4,8,0.981848,0.868795,1.0,0.942857
1,hybrid,ebc57900d0b5,3,1.0,1.0,1.0,1.0
1,hybrid,ed2168c21cf1,2,1.0,1.0,1.0,1.0
1,hybrid,f013284797f9,5,0.982892,0.982892,1.0,0.95
1,hybrid,f17b031a1618,4,0.5,0.5,0.333333,0.333333
1,hybrid,f2b519f794c7,10,0.970409,0.868795,1.0,0.905556
1,hybrid,f2bf39e7196f,4,0.877215,0.877215,1.0,0.75
1,hybrid,f459e14e173d,5,0.867087,0.867087,1.0,1.0
1,hybrid,f57d2e764c36,5,0.981572,0.981572,1.0,0.916667
1,hybrid,f5cfef367792,6,0.928673,0.79938,1.0,0.926667
1,hybrid,f7ea7f0d3002,4,0.877215,0.877215,1.0,0.75
1,hybrid,f869614bf6da,3,1.0,1.0,1.0,1.0
1,hybrid,fa0a82b854b0,5,0.965195,0.965195,1.0,1.0
1,hybrid,fabab1f2a9ac,9,0.718783,0.566827,0.5,0.716667
1,hybrid,fc086773a9f8,6,0.970929,0.831872,1.0,0.916667
1,hybrid,fc095e331f80,9,0.871214,0.753698,1.0,0.715278
1,hybrid,fc15846cdd34,5,1.0,1.0,1.0,1.0
1,hybrid,fc57c4cfac8c,14,0.814511,0.722727,1.0,0.755804
1,hybrid,fd5fb3568f28,5,0.543771,0.543771,0.333333,0.366667
2,tfidf,03eeb3f2198b,3,1.0,1.0,1.0,1.0
2,tfidf,047bc3871983,4,1.0,1.0,1.0,1.0
2,tfidf,062199eaf593,6,0.897862,0.827734,1.0,0.81
2,tfidf,0cf4d649ae6d,9,0.781568,0.66084,0.5,0.682937
2,tfidf,0f426cf82a7f,13,0.742605,0.50874,1.0,0.624542
2,tfidf,121bb95534e4,8,0.60526,0.386853,0.5,0.416667
2,tfidf,183a9943f52f,3,1.0,1.0,1.0,1.0
2,tfidf,19f1bf5c252c,13,0.895051,1.0,1.0,0.879167
2,tfidf,1ab5a4ec2067,4,1.0,1.0,1.0,1.0
2,tfidf,1f4faad6e60c,6,0.95583,0.95583,1.0,0.8875
2,tfidf,1f506269424f,7,0.696931,0.619146,0.5,0.71
2,tfidf,20935defdc79,12,0.616684,0.444845,0.5,0.586279
2,tfidf,22ea43f400cd,5,0.888722,0.888722,,
2,tfidf,236f48d9f371,8,1.0,1.0,1.0,1.0
2,tfidf,2568979c123c,2,1.0,1.0,1.0,1.0
2,tfidf,256adc117895,15,0.449858,0.529635,0.5,0.513173
2,tfidf,25b80d939833,13,0.511688,0.319394,1.0,0.48433
2,tfidf,2637bf13897a,7,0.946902,0.946902,1.0,0.866667
2,tfidf,26ade05293dc,10,0.956029,0.853932,1.0,0.871111
2,tfidf,27cef591b627,4,0.732829,0.732829,0.5,0.638889
2,tfidf,2a540b5dfad9,9,0.888973,0.83042,1.0,0.968254
2,tfidf,2a66464e0cf7,3,1.0,1.0,1.0,1.0
2,tfidf,2c3de36388f0,3,1.0,1.0,1.0,1.0
2,tfidf,2db497224fb1,12,0.348702,0.181542,0.2,0.268687
2,tfidf,2ddeb9372b38,4,0.650921,0.650921,0.5,0.5
2,tfidf,2e4e089b5ac7,9,0.584788,0.436747,0.333333,0.402778
2,tfidf,30380a0a655a,8,0.888877,0.696056,1.0,0.873413
2,tfidf,30914f6fdf21,10,0.769846,0.49126,0.5,0.663591
2,tfidf,31cf2b8862a1,3,0.693426,0.693426,0.5,0.583333
2,tfidf,32c5799fc8ae,8,0.987696,0.987696,1.0,0.95
2,tfidf,34403431dba9,8,0.932985,0.808217,1.0,1.0
2,tfidf,34e21a45b703,4,0.919721,0.919721,1.0,0.833333
2,tfidf,353fe8d3d48a,3,1.0,1.0,1.0,1.0
2,tfidf,386978dec6bc,15,0.460376,0.373819,0.333333,0.511859
2,tfidf,3f73831e96aa,10,0.748676,0.60962,0.5,0.645833
2,tfidf,3fee8189e3b4,4,1.0,1.0,1.0,1.0
2,tfidf,4746acdaa6a5,6,0.995099,0.934397,,
2,tfidf,4a9a077f10e1,7,0.926758,0.787702,1.0,0.816667
2,tfidf,4f218377e2b3,2,1.0,1.0,1.0,1.0
2,tfidf,4fb3cab336fb,15,0.647692,0.516443,0.5,0.574542
2,tfidf,4fda275b2737,12,0.264068,0.264068,0.25,0.208333
2,tfidf,505a04ba1816,9,0.895993,0.786014,1.0,0.76627
2,tfidf,51488b910eff,2,1.0,1.0,1.0,1.0
2,tfidf,5415bd613235,9,0.903482,0.786014,1.0,0.833879
2,tfidf,57720105064a,13,0.177239,0.0,0.1,0.140909
2,tfidf,5bcf6a7aa876,3,1.0,1.0,1.0,1.0
2,tfidf,5d40440b9717,4,0.919721,0.919721,1.0,0.833333
2,tfidf,5fa57a5ac62b,4,0.517442,0.517442,0.333333,0.416667
2,tfidf,5fcb77f2fb83,5,0.650921,0.650921,0.5,0.5
2,tfidf,613621ee041a,10,0.787595,0.553847,1.0,0.833333
2,tfidf,62a984d77d48,4,1.0,1.0,1.0,1.0
2,tfidf,63c0b5393c12,5,0.985227,0.985227,1.0,1.0
2,tfidf,6433be1595e0,6,0.76064,0.76064,0.5,0.679167
2,tfidf,648a0a5334dd,5,1.0,1.0,1.0,1.0
2,tfidf,662384429eab,16,0.673958,0.553146,1.0,0.64359
2,tfidf,66eebb032a98,2,1.0,1.0,1.0,1.0
2,tfidf,67f2747427a9,7,0.949218,0.888722,1.0,0.852857
2,tfidf,696ecaba8353,11,0.844702,0.50874,1.0,0.65873
2,tfidf,6a6ad18c8669,7,0.690239,0.534669,0.5,0.71
2,tfidf,6b4cfeeeadea,7,0.738893,0.668765,0.5,0.71
2,tfidf,6cf2d9a2a90b,2,0.63093,0.63093,0.5,0.5
2,tfidf,6d7435e475bf,7,0.742907,0.591089,1.0,0.733333
2,tfidf,6ec1468683c4,3,0.693426,0.693426,0.5,0.583333
2,tfidf,702f3c7ea663,4,0.650921,0.650921,0.5,0.5
2,tfidf,75f647c7c6cb,3,0.63093,0.63093,0.5,0.5
2,tfidf,7655b0b508a5,9,0.744018,0.616493,0.5,0.682937
2,tfidf,7668e8bd8d3b,3,1.0,1.0,1.0,1.0
2,tfidf,77f71b61c082,16,0.731716,0.788329,1.0,0.834656
2,tfidf,785eafe853d0,8,0.811223,0.470365,1.0,0.619286
2,tfidf,78fee8bed05e,6,0.985227,0.985227,1.0,1.0
2,tfidf,797cc42aa228,9,1.0,1.0,1.0,1.0
2,tfidf,7a0dda470745,3,0.63093,0.63093,0.5,0.5
2,tfidf,7bb6272c3211,6,0.669672,0.669672,0.5,0.583333
2,tfidf,821648eaa49c,6,0.60344,0.433515,0.333333,0.525
2,tfidf,84538d1833b9,4,1.0,1.0,1.0,1.0
2,tfidf,878c690ee2c6,5,1.0,1.0,1.0,1.0
2,tfidf,88c94b097f9d,3,1.0,1.0,1.0,1.0
2,tfidf,8b0ff9aeb55d,8,0.832678,0.709527,1.0,0.65
2,tfidf,9015dbb5ba34,3,0.63093,0.63093,0.5,0.5
2,tfidf,9093f0ba3462,3,1.0,1.0,1.0,1.0
2,tfidf,97296c5249a0,4,1.0,1.0,1.0,1.0
2,tfidf,97de12426af9,12,0.30103,0.0,0.111111,0.111111
2,tfidf,9e47116c4f45,7,0.543771,0.543771,0.333333,0.366667
2,tfidf,a8681cc39733,3,0.919721,0.919721,1.0,0.833333
2,tfidf,a9468d6b3d20,3,1.0,1.0,1.0,1.0
2,tfidf,a984ee093c7d,5,0.76064,0.76064,0.5,0.679167
2,tfidf,aa21e203c640,12,0.687651,0.360055,0.5,0.514021
2,tfidf,ab547b5c9dad,3,0.63093,0.63093,0.5,0.5
2,tfidf,adbf2fe884af,5,0.95583,0.95583,1.0,0.8875
2,tfidf,ae5fbd22fb6f,8,0.738671,0.738671,0.5,0.679167
2,tfidf,aea2db14e25c,11,0.617373,0.360055,0.5,0.519481
2,tfidf,aee19b6c4764,2,0.63093,0.63093,0.5,0.5
2,tfidf,b34576fa23ff,3,1.0,1.0,1.0,1.0
2,tfidf,b354c165795a,4,0.967468,0.967468,1.0,0.916667
2,tfidf,b79ea79f64f8,9,0.838642,0.50874,1.0,0.644444
2,tfidf,b854627567a1,2,1.0,1.0,1.0,1.0
2,tfidf,bb6fc93c50e5,7,0.992931,0.992047,,
2,tfidf,bb82c3a81425,6,0.919721,0.919721,1.0,0.833333
2,tfidf,bbd4650c1c51,2,1.0,1.0,1.0,1.0
2,tfidf,bc72b00d95b6,11,0.635789,0.396893,0.333333,0.594048
2,tfidf,bf7e97d43c15,13,0.55925,0.360055,0.5,0.49529
2,tfidf,c0412de7cd29,9,0.984833,1.0,1.0,0.947846
2,tfidf,c04b4da793f3,2,1.0,1.0,1.0,1.0
2,tfidf,c45bbf786081,6,0.356207,0.0,0.166667,0.166667
2,tfidf,c57f8736fae3,11,0.878199,0.700782,1.0,0.74966
2,tfidf,ca34fc52c221,10,0.912578,0.682725,1.0,0.803704
2,tfidf,ca8e2362fb79,5,0.982892,0.982892,1.0,0.95
2,tfidf,cc8d5d4a2093,14,0.787702,0.787702,1.0,0.740909
2,tfidf,ccf4f2a4a4b0,8,0.773893,0.66084,0.5,0.68619
2,tfidf,cdbc60f8daee,6,0.850345,0.850345,1.0,0.7
2,tfidf,ce087bff3370,3,0.5,0.5,0.333333,0.333333
2,tfidf,ce7f82f99470,8,0.693426,0.693426,0.5,0.583333
2,tfidf,cf25274e6ebe,5,0.624051,0.624051,0.5,0.45
2,tfidf,cf4760235323,6,0.63093,0.63093,0.5,0.5
2,tfidf,cfe7402e0c46,4,0.877215,0.877215,1.0,0.75
2,tfidf,d322146d662c,4,1.0,1.0,1.0,1.0
2,tfidf,d4a082a8c5c9,14,0.591235,0.386853,0.5,0.392857
2,tfidf,d74515aabf7d,9,0.584788,0.436747,0.333333,0.402778
2,tfidf,d9db974b8638,5,1.0,1.0,1.0,1.0
2,tfidf,ddf2656a8565,4,1.0,1.0,1.0,1.0
2,tfidf,e0ac4f55cf3f,5,0.543771,0.543771,0.333333,0.366667
2,tfidf,e1c3672bea3a,7,0.956591,0.722727,1.0,0.87619
2,tfidf,e7d02e5f4526,3,0.693426,0.693426,0.5,0.583333
2,tfidf,e8e50f4114b3,2,1.0,1.0,1.0,1.0
2,tfidf,e9804eeb633a,3,0.63093,0.63093,0.5,0.5
2,tfidf,e9d33ed525c4,11,0.750138,0.49126,0.5,0.644104
2,tfidf,f00600da0a07,2,1.0,1.0,1.0,1.0
2,tfidf,f013284797f9,6,0.524981,0.306574,0.333333,0.333333
2,tfidf,f17b031a1618,6,0.904717,0.904717,1.0,0.804167
2,tfidf,f21dd2518a9e,2,1.0,1.0,1.0,1.0
2,tfidf,f2b519f794c7,15,0.61662,0.33916,1.0,0.654694
2,tfidf,f2f1af71c920,2,1.0,1.0,1.0,1.0
2,tfidf,f57d2e764c36,7,0.963965,0.788329,1.0,0.915079
2,tfidf,f5cfef367792,4,1.0,1.0,1.0,1.0
2,tfidf,fa0a82b854b0,3,0.859719,0.859719,1.0,1.0
2,tfidf,fabab1f2a9ac,11,0.474396,0.268908,0.5,0.381088
2,tfidf,fc086773a9f8,7,0.790431,0.66084,0.5,0.734524
2,tfidf,fc095e331f80,10,0.97312,0.868795,1.0,0.912925
2,tfidf,fc15846cdd34,12,0.807818,0.485229,1.0,0.597354
2,tfidf,fc57c4cfac8c,15,0.706951,0.485229,1.0,0.560816
2,tfidf,fd5fb3568f28,4,0.63093,0.63093,0.5,0.5
2,semantic,03eeb3f2198b,3,1.0,1.0,1.0,1.0
2,semantic,047bc3871983,4,0.63093,0.63093,0.5,0.5
2,semantic,062199eaf593,6,0.761169,0.691041,0.5,0.71
2,semantic,0cf4d649ae6d,9,0.94844,0.853932,1.0,0.848611
2,semantic,0f426cf82a7f,13,0.970892,0.868795,1.0,0.911111
2,semantic,121bb95534e4,8,0.877215,0.877215,1.0,0.75
2,semantic,183a9943f52f,3,1.0,1.0,1.0,1.0
2,semantic,19f1bf5c252c,13,0.877107,0.853932,1.0,0.846167
2,semantic,1ab5a4ec2067,4,1.0,1.0,1.0,1.0
2,semantic,1f4faad6e60c,6,0.892754,0.753698,1.0,0.770833
2,semantic,1f506269424f,7,0.880018,0.724448,1.0,0.81
2,semantic,20935defdc79,12,0.567455,0.279589,0.5,0.488264
2,semantic,22ea43f400cd,5,1.0,1.0,,
2,semantic,236f48d9f371,8,0.593173,0.436747,0.333333,0.420635
2,semantic,2568979c123c,2,1.0,1.0,1.0,1.0
2,semantic,256adc117895,15,0.634475,0.626181,1.0,0.701382
2,semantic,25b80d939833,13,0.528215,0.201515,0.5,0.420635
2,semantic,2637bf13897a,7,0.732829,0.732829,0.5,0.638889
2,semantic,26ade05293dc,10,0.943473,0.83042,1.0,0.852857
2,semantic,27cef591b627,4,0.906025,0.906025,1.0,0.805556
2,semantic,2a540b5dfad9,9,0.976322,0.926966,1.0,0.961735
2,semantic,2a66464e0cf7,3,1.0,1.0,1.0,1.0
2,semantic,2c3de36388f0,3,1.0,1.0,1.0,1.0
2,semantic,2db497224fb1,12,0.678762,0.530721,0.5,0.513889
2,semantic,2ddeb9372b38,4,0.570642,0.570642,0.333333,0.416667
2,semantic,2e4e089b5ac7,9,0.679731,0.679731,0.5,0.533333
2,semantic,30380a0a655a,8,0.874986,0.810561,1.0,0.97619
2,semantic,30914f6fdf21,10,0.769846,0.49126,0.5,0.663591
2,semantic,31cf2b8862a1,3,0.919721,0.919721,1.0,0.833333
2,semantic,32c5799fc8ae,8,0.655691,0.655691,0.5,0.679167
2,semantic,34403431dba9,8,0.991874,0.934397,1.0,1.0
2,semantic,34e21a45b703,4,0.877215,0.877215,1.0,0.75
2,semantic,353fe8d3d48a,3,0.5,0.5,0.333333,0.333333
2,semantic,386978dec6bc,15,0.821144,0.786014,1.0,0.75377
2,semantic,3f73831e96aa,10,0.715663,0.592512,0.5,0.566667
2,semantic,3fee8189e3b4,4,1.0,1.0,1.0,1.0
2,semantic,4746acdaa6a5,6,0.988091,0.926966,,
2,semantic,4a9a077f10e1,7,0.848583,0.709527,1.0,0.691667
2,semantic,4f218377e2b3,2,1.0,1.0,1.0,1.0
2,semantic,4fb3cab336fb,15,0.443622,0.196874,0.333333,0.362143
2,semantic,4fda275b2737,12,0.184576,0.0,0.111111,0.146465
2,semantic,505a04ba1816,9,0.715842,0.418226,0.5,0.621825
2,semantic,51488b910eff,2,1.0,1.0,1.0,1.0
2,semantic,5415bd613235,9,0.89926,0.720411,1.0,0.833879
2,semantic,57720105064a,13,0.693426,0.693426,0.5,0.583333
2,semantic,5bcf6a7aa876,3,0.63093,0.63093,0.5,0.5
2,semantic,5d40440b9717,4,0.650921,0.650921,0.5,0.5
2,semantic,5fa57a5ac62b,4,0.517442,0.517442,0.333333,0.416667
2,semantic,5fcb77f2fb83,5,1.0,1.0,1.0,1.0
2,semantic,613621ee041a,10,0.857788,0.62819,1.0,0.796825
2,semantic,62a984d77d48,4,1.0,1.0,1.0,1.0
2,semantic,63c0b5393c12,5,0.985227,0.985227,1.0,1.0
2,semantic,6433be1595e0,6,0.95583,0.95583,1.0,0.8875
2,semantic,648a0a5334dd,5,1.0,1.0,1.0,1.0
2,semantic,662384429eab,16,0.722727,0.722727,1.0,0.756061
2,semantic,66eebb032a98,2,1.0,1.0,1.0,1.0
2,semantic,67f2747427a9,7,0.884027,0.763037,1.0,0.78619
2,semantic,696ecaba8353,11,0.566252,0.146068,0.25,0.371032
2,semantic,6a6ad18c8669,7,0.880018,0.724448,1.0,0.81
2,semantic,6b4cfeeeadea,7,0.931253,0.790997,1.0,0.926667
2,semantic,6cf2d9a2a90b,2,1.0,1.0,1.0,1.0
2,semantic,6d7435e475bf,7,0.761586,0.609767,1.0,0.770833
2,semantic,6ec1468683c4,3,1.0,1.0,1.0,1.0
2,semantic,702f3c7ea663,4,0.570642,0.570642,0.333333,0.416667
2,semantic,75f647c7c6cb,3,1.0,1.0,1.0,1.0
2,semantic,7655b0b508a5,9,0.718629,0.46017,0.5,0.635714
2,semantic,7668e8bd8d3b,3,0.693426,0.693426,0.5,0.583333
2,semantic,77f71b61c082,16,0.784347,0.699215,1.0,0.902821
2,semantic,785eafe853d0,8,0.981848,0.868795,1.0,0.942857
2,semantic,78fee8bed05e,6,0.909101,0.909101,1.0,0.8875
2,semantic,797cc42aa228,9,1.0,1.0,1.0,1.0
2,semantic,7a0dda470745,3,1.0,1.0,1.0,1.0
2,semantic,7bb6272c3211,6,0.907228,0.907228,1.0,0.7
2,semantic,821648eaa49c,6,0.801693,0.631769,1.0,0.816667
2,semantic,84538d1833b9,4,1.0,1.0,1.0,1.0
2,semantic,878c690ee2c6,5,1.0,1.0,1.0,1.0
2,semantic,88c94b097f9d,3,0.63093,0.63093,0.5,0.5
2,semantic,8b0ff9aeb55d,8,0.794678,0.5414,1.0,0.582143
2,semantic,9015dbb5ba34,3,0.5,0.5,0.333333,0.333333
2,semantic,9093f0ba3462,3,1.0,1.0,1.0,1.0
2,semantic,97296c5249a0,4,0.967468,0.967468,1.0,0.916667
2,semantic,97de12426af9,12,0.0,0.0,0.090909,0.090909
2,semantic,9e47116c4f45,7,0.81753,0.613147,1.0,0.642857
2,semantic,a8681cc39733,3,0.693426,0.693426,0.5,0.583333
2,semantic,a9468d6b3d20,3,1.0,1.0,1.0,1.0
2,semantic,a984ee093c7d,5,0.76064,0.76064,0.5,0.679167
2,semantic,aa21e203c640,12,0.90102,0.684352,1.0,0.743849
2,semantic,ab547b5c9dad,3,1.0,1.0,1.0,1.0
2,semantic,adbf2fe884af,5,0.95583,0.95583,1.0,0.8875
2,semantic,ae5fbd22fb6f,8,0.723898,0.723898,0.5,0.679167
2,semantic,aea2db14e25c,11,0.911267,0.699215,1.0,0.768849
2,semantic,aee19b6c4764,2,1.0,1.0,1.0,1.0
2,semantic,b34576fa23ff,3,1.0,1.0,1.0,1.0
2,semantic,b354c165795a,4,0.906025,0.906025,1.0,0.805556
2,semantic,b79ea79f64f8,9,0.888673,0.654809,1.0,0.759524
2,semantic,b854627567a1,2,1.0,1.0,1.0,1.0
2,semantic,bb6fc93c50e5,7,0.951998,0.885495,,
2,semantic,bb82c3a81425,6,0.624051,0.624051,0.5,0.45
2,semantic,bbd4650c1c51,2,1.0,1.0,1.0,1.0
2,semantic,bc72b00d95b6,11,0.842002,0.756922,1.0,0.873413
2,semantic,bf7e97d43c15,13,0.586755,0.342176,0.5,0.582426
2,semantic,c0412de7cd29,9,0.811837,0.66084,0.5,0.754592
2,semantic,c04b4da793f3,2,1.0,1.0,1.0,1.0
2,semantic,c45bbf786081,6,0.356207,0.0,0.166667,0.166667
2,semantic,c57f8736fae3,11,0.724101,0.397915,0.5,0.689342
2,semantic,ca34fc52c221,10,0.904622,0.732399,1.0,0.732738
2,semantic,ca8e2362fb79,5,1.0,1.0,1.0,1.0
2,semantic,cc8d5d4a2093,14,0.80481,0.80481,1.0,0.764423
2,semantic,ccf4f2a4a4b0,8,0.757439,0.529635,0.5,0.641667
2,semantic,cdbc60f8daee,6,0.919721,0.919721,1.0,0.833333
2,semantic,ce087bff3370,3,0.5,0.5,0.333333,0.333333
2,semantic,ce7f82f99470,8,0.543771,0.543771,0.333333,0.366667
2,semantic,cf25274e6ebe,5,0.543771,0.543771,0.333333,0.366667
2,semantic,cf4760235323,6,0.356207,0.0,0.166667,0.166667
2,semantic,cfe7402e0c46,4,0.570642,0.570642,0.333333,0.416667
2,semantic,d322146d662c,4,1.0,1.0,1.0,1.0
2,semantic,d4a082a8c5c9,14,0.264068,0.264068,0.25,0.201923
2,semantic,d74515aabf7d,9,1.0,1.0,1.0,1.0
2,semantic,d9db974b8638,5,0.95583,0.95583,1.0,0.8875
2,semantic,ddf2656a8565,4,1.0,1.0,1.0,1.0
2,semantic,e0ac4f55cf3f,5,0.501266,0.501266,0.25,0.325
2,semantic,e1c3672bea3a,7,0.966985,0.853932,1.0,0.902857
2,semantic,e7d02e5f4526,3,0.693426,0.693426,0.5,0.583333
2,semantic,e8e50f4114b3,2,1.0,1.0,1.0,1.0
2,semantic,e9804eeb633a,3,1.0,1.0,1.0,1.0
2,semantic,e9d33ed525c4,11,0.757377,0.550831,1.0,0.695331
2,semantic,f00600da0a07,2,1.0,1.0,1.0,1.0
2,semantic,f013284797f9,6,0.524981,0.306574,0.333333,0.333333
2,semantic,f17b031a1618,6,0.76064,0.76064,0.5,0.679167
2,semantic,f21dd2518a9e,2,0.63093,0.63093,0.5,0.5
2,semantic,f2b519f794c7,15,0.930894,0.827404,1.0,0.929365
2,semantic,f2f1af71c920,2,1.0,1.0,1.0,1.0
2,semantic,f57d2e764c36,7,0.938949,0.761802,1.0,0.948413
2,semantic,f5cfef367792,4,1.0,1.0,1.0,1.0
2,semantic,fa0a82b854b0,3,0.859719,0.859719,1.0,1.0
2,semantic,fabab1f2a9ac,11,0.646959,0.360687,0.5,0.5
2,semantic,fc086773a9f8,7,0.774864,0.587806,0.5,0.734524
2,semantic,fc095e331f80,10,0.906029,0.786014,1.0,0.80102
2,semantic,fc15846cdd34,12,0.707085,0.470365,1.0,0.571597
2,semantic,fc57c4cfac8c,15,0.706951,0.485229,1.0,0.553241
2,semantic,fd5fb3568f28,4,0.430677,0.430677,0.25,0.25
2,hybrid,03eeb3f2198b,3,1.0,1.0,1.0,1.0
2,hybrid,047bc3871983,4,0.5,0.5,0.333333,0.333333
2,hybrid,062199eaf593,6,0.897862,0.827734,1.0,0.81
2,hybrid,0cf4d649ae6d,9,0.961701,0.868795,1.0,0.881944
2,hybrid,0f426cf82a7f,13,0.960925,0.853932,1.0,0.885
2,hybrid,121bb95534e4,8,0.693426,0.693426,0.5,0.583333
2,hybrid,183a9943f52f,3,1.0,1.0,1.0,1.0
2,hybrid,19f1bf5c252c,13,0.901729,1.0,1.0,0.899306
2,hybrid,1ab5a4ec2067,4,1.0,1.0,1.0,1.0
2,hybrid,1f4faad6e60c,6,0.892754,0.753698,1.0,0.770833
2,hybrid,1f506269424f,7,0.71883,0.563261,0.5,0.71
2,hybrid,20935defdc79,12,0.502861,0.16958,0.333333,0.406415
2,hybrid,22ea43f400cd,5,0.888722,0.888722,,
2,hybrid,236f48d9f371,8,0.946902,0.946902,1.0,0.866667
2,hybrid,2568979c123c,2,1.0,1.0,1.0,1.0
2,hybrid,256adc117895,15,0.642896,0.654809,1.0,0.600855
2,hybrid,25b80d939833,13,0.845983,0.845983,1.0,0.866667
2,hybrid,2637bf13897a,7,0.871079,0.703918,1.0,0.722222
2,hybrid,26ade05293dc,10,0.904247,0.699215,1.0,0.75
2,hybrid,27cef591b627,4,0.732829,0.732829,0.5,0.638889
2,hybrid,2a540b5dfad9,9,0.971939,0.926966,1.0,0.947846
2,hybrid,2a66464e0cf7,3,1.0,1.0,1.0,1.0
2,hybrid,2c3de36388f0,3,0.63093,0.63093,0.5,0.5
2,hybrid,2db497224fb1,12,0.633841,0.498189,0.5,0.433333
2,hybrid,2ddeb9372b38,4,0.919721,0.919721,1.0,0.833333
2,hybrid,2e4e089b5ac7,9,0.817981,0.650821,1.0,0.633333
2,hybrid,30380a0a655a,8,0.838657,0.707236,1.0,0.873413
2,hybrid,30914f6fdf21,10,0.787381,0.514771,0.5,0.684425
2,hybrid,31cf2b8862a1,3,0.919721,0.919721,1.0,0.833333
2,hybrid,32c5799fc8ae,8,0.922866,0.822852,1.0,0.770833
2,hybrid,34403431dba9,8,0.964617,0.849607,1.0,0.982143
2,hybrid,34e21a45b703,4,0.919721,0.919721,1.0,0.833333
2,hybrid,353fe8d3d48a,3,0.5,0.5,0.333333,0.333333
2,hybrid,386978dec6bc,15,0.591953,0.383566,0.5,0.566861
2,hybrid,3f73831e96aa,10,0.970929,0.831872,1.0,0.916667
2,hybrid,3fee8189e3b4,4,1.0,1.0,1.0,1.0
2,hybrid,4746acdaa6a5,6,0.995099,0.934397,,
2,hybrid,4a9a077f10e1,7,0.970929,0.831872,1.0,0.916667
2,hybrid,4f218377e2b3,2,1.0,1.0,1.0,1.0
2,hybrid,4fb3cab336fb,15,0.470569,0.349197,0.333333,0.401465
2,hybrid,4fda275b2737,12,0.184576,0.0,0.111111,0.146465
2,hybrid,505a04ba1816,9,0.810844,0.470365,1.0,0.627183
2,hybrid,51488b910eff,2,1.0,1.0,1.0,1.0
2,hybrid,5415bd613235,9,0.923274,0.746939,1.0,0.906796
2,hybrid,57720105064a,13,0.850345,0.850345,1.0,0.7
2,hybrid,5bcf6a7aa876,3,1.0,1.0,1.0,1.0
2,hybrid,5d40440b9717,4,1.0,1.0,1.0,1.0
2,hybrid,5fa57a5ac62b,4,0.517442,0.517442,0.333333,0.416667
2,hybrid,5fcb77f2fb83,5,1.0,1.0,1.0,1.0
2,hybrid,613621ee041a,10,0.898001,0.662148,1.0,0.909354
2,hybrid,62a984d77d48,4,1.0,1.0,1.0,1.0
2,hybrid,63c0b5393c12,5,0.859997,0.859997,1.0,0.95
2,hybrid,6433be1595e0,6,0.748676,0.60962,0.5,0.645833
2,hybrid,648a0a5334dd,5,1.0,1.0,1.0,1.0
2,hybrid,662384429eab,16,0.554844,0.213986,0.5,0.44329
2,hybrid,66eebb032a98,2,1.0,1.0,1.0,1.0
2,hybrid,67f2747427a9,7,0.900283,0.77099,1.0,0.81
2,hybrid,696ecaba8353,11,0.894004,0.553146,1.0,0.739286
2,hybrid,6a6ad18c8669,7,0.71883,0.563261,0.5,0.71
2,hybrid,6b4cfeeeadea,7,0.73286,0.592604,0.5,0.71
2,hybrid,6cf2d9a2a90b,2,1.0,1.0,1.0,1.0
2,hybrid,6d7435e475bf,7,0.798711,0.646892,1.0,0.816667
2,hybrid,6ec1468683c4,3,0.693426,0.693426,0.5,0.583333
2,hybrid,702f3c7ea663,4,0.877215,0.877215,1.0,0.75
2,hybrid,75f647c7c6cb,3,1.0,1.0,1.0,1.0
2,hybrid,7655b0b508a5,9,0.909762,0.670144,1.0,0.784722
2,hybrid,7668e8bd8d3b,3,0.693426,0.693426,0.5,0.583333
2,hybrid,77f71b61c082,16,0.677472,0.662148,1.0,0.849862
2,hybrid,785eafe853d0,8,0.850298,0.616434,1.0,0.69619
2,hybrid,78fee8bed05e,6,0.990661,0.990661,1.0,0.95
2,hybrid,797cc42aa228,9,1.0,1.0,1.0,1.0
2,hybrid,7a0dda470745,3,1.0,1.0,1.0,1.0
2,hybrid,7bb6272c3211,6,0.619906,0.619906,0.5,0.583333
2,hybrid,821648eaa49c,6,0.682433,0.512509,0.5,0.608333
2,hybrid,84538d1833b9,4,1.0,1.0,1.0,1.0
2,hybrid,878c690ee2c6,5,0.961115,0.961115,1.0,0.8875
2,hybrid,88c94b097f9d,3,1.0,1.0,1.0,1.0
2,hybrid,8b0ff9aeb55d,8,0.926758,0.787702,1.0,0.816667
2,hybrid,9015dbb5ba34,3,0.5,0.5,0.333333,0.333333
2,hybrid,9093f0ba3462,3,0.63093,0.63093,0.5,0.5
2,hybrid,97296c5249a0,4,0.906025,0.906025,1.0,0.805556
2,hybrid,97de12426af9,12,0.315465,0.0,0.125,0.125
2,hybrid,9e47116c4f45,7,0.501266,0.501266,0.25,0.325
2,hybrid,a8681cc39733,3,0.693426,0.693426,0.5,0.583333
2,hybrid,a9468d6b3d20,3,0.693426,0.693426,0.5,0.583333
2,hybrid,a984ee093c7d,5,0.76064,0.76064,0.5,0.679167
2,hybrid,aa21e203c640,12,0.824302,0.553146,1.0,0.664983
2,hybrid,ab547b5c9dad,3,1.0,1.0,1.0,1.0
2,hybrid,adbf2fe884af,5,0.95583,0.95583,1.0,0.8875
2,hybrid,ae5fbd22fb6f,8,0.717927,0.646892,0.5,0.584524
2,hybrid,aea2db14e25c,11,0.983303,1.0,1.0,0.944444
2,hybrid,aee19b6c4764,2,1.0,1.0,1.0,1.0
2,hybrid,b34576fa23ff,3,1.0,1.0,1.0,1.0
2,hybrid,b354c165795a,4,0.906025,0.906025,1.0,0.805556
2,hybrid,b79ea79f64f8,9,0.748636,0.514771,0.5,0.629524
2,hybrid,b854627567a1,2,1.0,1.0,1.0,1.0
2,hybrid,bb6fc93c50e5,7,0.984298,0.921838,,
2,hybrid,bb82c3a81425,6,1.0,1.0,1.0,1.0
2,hybrid,bbd4650c1c51,2,1.0,1.0,1.0,1.0
2,hybrid,bc72b00d95b6,11,0.81351,0.653424,1.0,0.948413
2,hybrid,bf7e97d43c15,13,0.601981,0.298776,0.5,0.56173
2,hybrid,c0412de7cd29,9,0.964363,0.853932,1.0,0.895465
2,hybrid,c04b4da793f3,2,1.0,1.0,1.0,1.0
2,hybrid,c45bbf786081,6,0.386853,0.386853,0.2,0.2
2,hybrid,c57f8736fae3,11,0.663758,0.629075,0.5,0.688188
2,hybrid,ca34fc52c221,10,0.890707,0.591982,1.0,0.727183
2,hybrid,ca8e2362fb79,5,0.982892,0.982892,1.0,0.95
2,hybrid,cc8d5d4a2093,14,0.80481,0.80481,1.0,0.764423
2,hybrid,ccf4f2a4a4b0,8,0.749681,0.529635,0.5,0.622619
2,hybrid,cdbc60f8daee,6,0.60526,0.386853,0.5,0.416667
2,hybrid,ce087bff3370,3,0.5,0.5,0.333333,0.333333
2,hybrid,ce7f82f99470,8,0.570642,0.570642,0.333333,0.416667
2,hybrid,cf25274e6ebe,5,0.650921,0.650921,0.5,0.5
2,hybrid,cf4760235323,6,0.356207,0.0,0.166667,0.166667
2,hybrid,cfe7402e0c46,4,0.570642,0.570642,0.333333,0.416667
2,hybrid,d322146d662c,4,1.0,1.0,1.0,1.0
2,hybrid,d4a082a8c5c9,14,0.441307,0.264068,0.25,0.225
2,hybrid,d74515aabf7d,9,0.838547,0.671386,1.0,0.666667
2,hybrid,d9db974b8638,5,0.95583,0.95583,1.0,0.8875
2,hybrid,ddf2656a8565,4,1.0,1.0,1.0,1.0
2,hybrid,e0ac4f55cf3f,5,0.501266,0.501266,0.25,0.325
2,hybrid,e1c3672bea3a,7,0.918216,0.684352,1.0,0.79619
2,hybrid,e7d02e5f4526,3,1.0,1.0,1.0,1.0
2,hybrid,e8e50f4114b3,2,1.0,1.0,1.0,1.0
2,hybrid,e9804eeb633a,3,0.63093,0.63093,0.5,0.5
2,hybrid,e9d33ed525c4,11,0.754074,0.444845,0.5,0.689342
2,hybrid,f00600da0a07,2,1.0,1.0,1.0,1.0
2,hybrid,f013284797f9,6,0.60526,0.386853,0.5,0.416667
2,hybrid,f17b031a1618,6,0.76064,0.76064,0.5,0.679167
2,hybrid,f21dd2518a9e,2,0.63093,0.63093,0.5,0.5
2,hybrid,f2b519f794c7,15,0.800906,0.596546,1.0,0.886594
2,hybrid,f2f1af71c920,2,1.0,1.0,1.0,1.0
2,hybrid,f57d2e764c36,7,0.904817,0.786014,1.0,0.817857
2,hybrid,f5cfef367792,4,1.0,1.0,1.0,1.0
2,hybrid,fa0a82b854b0,3,0.859719,0.859719,1.0,1.0
2,hybrid,fabab1f2a9ac,11,0.84946,0.697641,1.0,0.733333
2,hybrid,fc086773a9f8,7,0.774864,0.587806,0.5,0.734524
2,hybrid,fc095e331f80,10,0.980377,0.868795,1.0,0.937925
2,hybrid,fc15846cdd34,12,0.927964,0.699215,1.0,0.813492
2,hybrid,fc57c4cfac8c,15,0.680076,0.553146,1.0,0.616275
2,hybrid,fd5fb3568f28,4,0.5,0.5,0.333333,0.333333
3,tfidf,0048c170bcec,2,0.63093,0.63093,0.5,0.5
3,tfidf,03eeb3f2198b,5,0.570642,0.570642,0.333333,0.416667
3,tfidf,03fb1995b055,3,1.0,1.0,1.0,1.0
3,tfidf,062199eaf593,11,0.520132,0.218579,0.25,0.428078
3,tfidf,09383ee0fd7d,2,1.0,1.0,1.0,1.0
3,tfidf,0c0db0a3207e,4,0.732829,0.732829,0.5,0.638889
3,tfidf,0cf4d649ae6d,8,0.704097,0.704097,0.5,0.588889
3,tfidf,0f426cf82a7f,7,0.654615,0.498189,0.5,0.47619
3,tfidf,0f452544a00a,2,1.0,1.0,1.0,1.0
3,tfidf,121bb95534e4,4,0.650921,0.650921,0.5,0.5
3,tfidf,155aab1f3316,9,0.839342,0.616434,1.0,0.664444
3,tfidf,183a9943f52f,5,0.732829,0.732829,0.5,0.638889
3,tfidf,19f1bf5c252c,16,0.693856,0.587806,1.0,0.816071
3,tfidf,1ab5a4ec2067,6,0.932521,0.765361,1.0,0.833333
3,tfidf,1b4aa98f6543,4,0.967468,0.967468,1.0,0.916667
3,tfidf,1f4faad6e60c,4,0.650921,0.650921,0.5,0.5
3,tfidf,1f506269424f,6,0.956271,0.956271,1.0,1.0
3,tfidf,22ea43f400cd,5,0.95583,0.95583,1.0,0.8875
3,tfidf,2568979c123c,3,1.0,1.0,1.0,1.0
3,tfidf,256adc117895,11,0.776638,0.592222,1.0,0.749923
3,tfidf,25b80d939833,18,0.414718,0.300785,0.333333,0.507117
3,tfidf,2637bf13897a,2,1.0,1.0,1.0,1.0
3,tfidf,27cef591b627,6,0.88546,0.88546,1.0,0.755556
3,tfidf,296bf1cce547,2,1.0,1.0,1.0,1.0
3,tfidf,2a2b6d4bb48a,3,1.0,1.0,1.0,1.0
3,tfidf,2a540b5dfad9,6,0.766321,0.637028,0.5,0.71
3,tfidf,2a66464e0cf7,3,0.919721,0.919721,1.0,0.833333
3,tfidf,2c5302c101f6,5,0.63093,0.63093,0.5,0.5
3,tfidf,2d3260c31c88,3,1.0,1.0,1.0,1.0
3,tfidf,2db497224fb1,8,0.794678,0.5414,1.0,0.582143
3,tfidf,2e4e089b5ac7,12,0.356207,0.0,0.166667,0.166667
3,tfidf,30380a0a655a,6,0.970929,0.831872,1.0,0.916667
3,tfidf,30914f6fdf21,10,0.637158,0.411245,0.5,0.534286
3,tfidf,32c5799fc8ae,11,0.847008,0.657824,1.0,0.962654
3,tfidf,34403431dba9,6,0.926758,0.787702,1.0,0.816667
3,tfidf,353fe8d3d48a,2,1.0,1.0,1.0,1.0
3,tfidf,35bb03ab58d0,2,1.0,1.0,1.0,1.0
3,tfidf,366f899ef1ca,3,1.0,1.0,,
3,tfidf,386978dec6bc,12,0.892566,0.853932,1.0,0.876271
3,tfidf,39e96d28c48c,4,0.732829,0.732829,0.5,0.638889
3,tfidf,3a4d96f0980a,3,0.63093,0.63093,0.5,0.5
3,tfidf,3acffd3f5798,3,1.0,1.0,1.0,1.0
3,tfidf,3c1a85ba49f5,3,0.965195,0.965195,,
3,tfidf,3f73831e96aa,9,0.60526,0.386853,0.5,0.416667
3,tfidf,436b1cf60b4b,7,0.653393,0.514337,0.333333,0.525
3,tfidf,4a9a077f10e1,4,1.0,1.0,1.0,1.0
3,tfidf,4c533fdf8200,2,1.0,1.0,1.0,1.0
3,tfidf,4c6e7eba3263,5,0.95583,0.95583,1.0,0.8875
3,tfidf,4c7357cf6d7c,2,0.63093,0.63093,0.5,0.5
3,tfidf,4d1f08de9cbc,3,1.0,1.0,1.0,1.0
3,tfidf,4f218377e2b3,4,0.906025,0.906025,1.0,0.805556
3,tfidf,4fb3cab336fb,6,0.5,0.5,0.333333,0.333333
3,tfidf,4fda275b2737,12,0.315465,0.0,0.125,0.125
3,tfidf,505a04ba1816,6,0.94458,0.815287,1.0,0.966667
3,tfidf,51488b910eff,4,0.430677,0.430677,0.25,0.25
3,tfidf,5185d3d45f6c,2,1.0,1.0,1.0,1.0
3,tfidf,5415bd613235,9,0.922187,0.732399,1.0,0.79619
3,tfidf,54578ed2a62f,6,0.989606,0.868795,1.0,0.966667
3,tfidf,57720105064a,9,0.633001,0.246302,0.5,0.426587
3,tfidf,5b591f33e60f,2,1.0,1.0,1.0,1.0
3,tfidf,5ba143b454a4,2,1.0,1.0,1.0,1.0
3,tfidf,5d40440b9717,3,0.63093,0.63093,0.5,0.5
3,tfidf,5fcb77f2fb83,5,1.0,1.0,1.0,1.0
3,tfidf,60411c10d3dc,7,0.909947,0.786014,1.0,0.817857
3,tfidf,62a984d77d48,6,0.732829,0.732829,0.5,0.638889
3,tfidf,648a0a5334dd,4,0.906025,0.906025,1.0,0.805556
3,tfidf,662384429eab,10,0.679956,0.463645,0.5,0.525397
3,tfidf,67f2747427a9,6,0.975488,0.909257,,
3,tfidf,696ef28bc65a,2,0.63093,0.63093,0.5,0.5
3,tfidf,698b2d266f61,3,1.0,1.0,1.0,1.0
3,tfidf,6a6ad18c8669,6,0.956271,0.956271,1.0,1.0
3,tfidf,6b4cfeeeadea,11,0.950224,0.853932,1.0,0.855258
3,tfidf,6cf2d9a2a90b,6,0.906825,0.786014,1.0,0.81
3,tfidf,6d7435e475bf,8,0.964257,0.91521,1.0,0.961735
3,tfidf,6ec1468683c4,5,0.967468,0.967468,1.0,0.916667
3,tfidf,6fdb206a7f3e,2,0.63093,0.63093,0.5,0.5
3,tfidf,702f3c7ea663,2,1.0,1.0,1.0,1.0
3,tfidf,75f647c7c6cb,6,1.0,1.0,1.0,1.0
3,tfidf,7655b0b508a5,8,0.619516,0.396663,0.333333,0.47619
3,tfidf,76669675359a,2,1.0,1.0,1.0,1.0
3,tfidf,77aafa519ec2,2,0.63093,0.63093,0.5,0.5
3,tfidf,77f71b61c082,8,0.980377,0.868795,1.0,0.937925
3,tfidf,785eafe853d0,7,0.695576,0.56545,0.5,0.542857
3,tfidf,78fee8bed05e,9,0.892619,0.757386,1.0,1.0
3,tfidf,7a0dda470745,2,0.63093,0.63093,0.5,0.5
3,tfidf,7bb6272c3211,10,0.820455,0.605313,1.0,1.0
3,tfidf,821648eaa49c,4,0.968771,0.968771,,
3,tfidf,82e733317cf4,6,0.618289,0.618289,0.333333,0.477778
3,tfidf,84538d1833b9,6,0.748676,0.60962,0.5,0.645833
3,tfidf,878c690ee2c6,7,0.905845,0.841198,1.0,0.81
3,tfidf,87f2b6552fa9,3,1.0,1.0,1.0,1.0
3,tfidf,88393521a764,3,1.0,1.0,1.0,1.0
3,tfidf,8859b2606904,4,0.63093,0.63093,0.5,0.5
3,tfidf,88c94b097f9d,4,0.967468,0.967468,1.0,0.916667
3,tfidf,8b0ff9aeb55d,11,0.817103,0.56682,1.0,0.82619
3,tfidf,931e7878238f,2,0.63093,0.63093,0.5,0.5
3,tfidf,97296c5249a0,3,0.919721,0.919721,1.0,0.833333
3,tfidf,97de12426af9,13,0.30103,0.0,0.111111,0.111111
3,tfidf,9c98daaba415,2,1.0,1.0,1.0,1.0
3,tfidf,9e47116c4f45,11,0.650821,0.650821,1.0,0.557576
3,tfidf,a067f5f08c0d,3,0.5,0.5,0.333333,0.333333
3,tfidf,a221ba5cbe1e,2,1.0,1.0,1.0,1.0
3,tfidf,a32d2d931c0c,4,0.732829,0.732829,0.5,0.638889
3,tfidf,a4adbae53361,3,1.0,1.0,1.0,1.0
3,tfidf,a6f18836d0d6,2,1.0,1.0,1.0,1.0
3,tfidf,a8681cc39733,2,1.0,1.0,1.0,1.0
3,tfidf,a9468d6b3d20,4,0.967468,0.967468,1.0,0.916667
3,tfidf,a984ee093c7d,3,0.693426,0.693426,0.5,0.583333
3,tfidf,aa21e203c640,10,1.0,1.0,1.0,1.0
3,tfidf,adbf2fe884af,5,0.650921,0.650921,0.5,0.5
3,tfidf,ae5fbd22fb6f,9,0.951271,0.784005,1.0,0.924036
3,tfidf,ae68cab2fef2,4,0.911963,0.911963,1.0,0.805556
3,tfidf,aea2db14e25c,5,0.967468,0.967468,1.0,0.916667
3,tfidf,aee19b6c4764,2,1.0,1.0,1.0,1.0
3,tfidf,b34576fa23ff,2,0.63093,0.63093,0.5,0.5
3,tfidf,b3c8ba0b76d5,2,1.0,1.0,1.0,1.0
3,tfidf,b79ea79f64f8,6,1.0,1.0,1.0,1.0
3,tfidf,b80ea8710b4b,7,0.60526,0.386853,0.5,0.416667
3,tfidf,b854627567a1,4,0.877215,0.877215,1.0,0.75
3,tfidf,b8c6937dcde2,4,0.967468,0.967468,1.0,0.916667
3,tfidf,b90999bd209c,2,1.0,1.0,1.0,1.0
3,tfidf,ba01700fed97,2,1.0,1.0,1.0,1.0
3,tfidf,bb6fc93c50e5,5,0.888722,0.888722,,
3,tfidf,bb82c3a81425,6,0.430677,0.430677,0.25,0.25
3,tfidf,bbd4650c1c51,3,1.0,1.0,1.0,1.0
3,tfidf,bc72b00d95b6,9,0.669672,0.669672,0.5,0.583333
3,tfidf,bf7e97d43c15,10,0.836691,0.50874,1.0,0.660516
3,tfidf,c272d7917e4d,4,0.877215,0.877215,1.0,0.75
3,tfidf,c57f8736fae3,8,0.988801,1.0,1.0,0.961735
3,tfidf,c7d3f2e8477d,8,0.356207,0.0,0.166667,0.166667
3,tfidf,ca34fc52c221,8,0.967468,0.967468,1.0,0.916667
3,tfidf,ca8e2362fb79,8,0.798265,0.66084,0.5,0.734524
3,tfidf,cada30d1f7dc,3,0.63093,0.63093,0.5,0.5
3,tfidf,cc8d5d4a2093,12,0.978398,0.868795,1.0,0.930556
3,tfidf,ccf4f2a4a4b0,4,1.0,1.0,1.0,1.0
3,tfidf,ce087bff3370,5,0.543771,0.543771,0.333333,0.366667
3,tfidf,ce7f82f99470,12,0.714473,0.616434,1.0,0.583333
3,tfidf,cf25274e6ebe,2,1.0,1.0,1.0,1.0
3,tfidf,d19959407319,5,0.981572,0.981572,1.0,0.916667
3,tfidf,d322146d662c,5,0.63093,0.63093,0.5,0.5
3,tfidf,d4a082a8c5c9,10,0.5,0.5,0.333333,0.333333
3,tfidf,d67646dfb1c3,3,1.0,1.0,1.0,1.0
3,tfidf,d74515aabf7d,9,0.899067,0.786014,1.0,0.78619
3,tfidf,da248d6e0d85,2,1.0,1.0,1.0,1.0
3,tfidf,df1202617213,5,0.679731,0.679731,0.5,0.533333
3,tfidf,e0ac4f55cf3f,3,0.63093,0.63093,0.5,0.5
3,tfidf,e16a55a28e96,3,1.0,1.0,1.0,1.0
3,tfidf,e1c3672bea3a,4,0.5,0.5,0.333333,0.333333
3,tfidf,e39789b861e7,6,1.0,1.0,1.0,1.0
3,tfidf,e7d02e5f4526,2,1.0,1.0,1.0,1.0
3,tfidf,e8e50f4114b3,3,0.63093,0.63093,0.5,0.5
3,tfidf,e9d33ed525c4,9,0.673186,0.531116,0.5,0.622024
3,tfidf,e9d6b97e718c,4,1.0,1.0,1.0,1.0
3,tfidf,f00600da0a07,4,0.967468,0.967468,1.0,0.916667
3,tfidf,f013284797f9,2,1.0,1.0,1.0,1.0
3,tfidf,f17b031a1618,3,0.919721,0.919721,1.0,0.833333
3,tfidf,f2b519f794c7,8,0.637488,0.514337,0.333333,0.483333
3,tfidf,f2bf39e7196f,6,0.892754,0.753698,1.0,0.770833
3,tfidf,f2f1af71c920,3,0.693426,0.693426,0.5,0.583333
3,tfidf,f459e14e173d,6,0.862978,0.778016,1.0,0.916667
3,tfidf,f57d2e764c36,8,1.0,1.0,1.0,1.0
3,tfidf,f5cfef367792,6,0.835515,0.646137,1.0,0.666667
3,tfidf,f6277475b72f,3,0.919721,0.919721,1.0,0.833333
3,tfidf,f7ea7f0d3002,3,1.0,1.0,1.0,1.0
3,tfidf,fc086773a9f8,8,1.0,1.0,,
3,tfidf,fc095e331f80,8,0.960925,0.853932,1.0,0.885
3,tfidf,fc15846cdd34,11,0.666505,0.397322,0.5,0.492857
3,tfidf,fc57c4cfac8c,8,0.63093,0.63093,0.5,0.5
3,semantic,0048c170bcec,2,1.0,1.0,1.0,1.0
3,semantic,03eeb3f2198b,5,1.0,1.0,1.0,1.0
3,semantic,03fb1995b055,3,1.0,1.0,1.0,1.0
3,semantic,062199eaf593,11,0.826329,0.750455,1.0,0.765909
3,semantic,09383ee0fd7d,2,1.0,1.0,1.0,1.0
3,semantic,0c0db0a3207e,4,0.906025,0.906025,1.0,0.805556
3,semantic,0cf4d649ae6d,8,0.627649,0.438271,0.5,0.466667
3,semantic,0f426cf82a7f,7,0.687148,0.530721,0.5,0.531746
3,semantic,0f452544a00a,2,1.0,1.0,1.0,1.0
3,semantic,121bb95534e4,4,0.650921,0.650921,0.5,0.5
3,semantic,155aab1f3316,9,0.912156,0.684352,1.0,0.778333
3,semantic,183a9943f52f,5,1.0,1.0,1.0,1.0
3,semantic,19f1bf5c252c,16,0.557955,0.595237,0.5,0.645244
3,semantic,1ab5a4ec2067,6,1.0,1.0,1.0,1.0
3,semantic,1b4aa98f6543,4,0.906025,0.906025,1.0,0.805556
3,semantic,1f4faad6e60c,4,0.570642,0.570642,0.333333,0.416667
3,semantic,1f506269424f,6,0.993308,0.915523,1.0,0.966667
3,semantic,22ea43f400cd,5,1.0,1.0,1.0,1.0
3,semantic,2568979c123c,3,1.0,1.0,1.0,1.0
3,semantic,256adc117895,11,0.828427,0.555155,1.0,0.689966
3,semantic,25b80d939833,18,0.476778,0.396022,0.5,0.661041
3,semantic,2637bf13897a,2,0.63093,0.63093,0.5,0.5
3,semantic,27cef591b627,6,0.88546,0.88546,1.0,0.755556
3,semantic,296bf1cce547,2,1.0,1.0,1.0,1.0
3,semantic,2a2b6d4bb48a,3,1.0,1.0,1.0,1.0
3,semantic,2a540b5dfad9,6,0.994438,0.929792,1.0,0.966667
3,semantic,2a66464e0cf7,3,0.919721,0.919721,1.0,0.833333
3,semantic,2c5302c101f6,5,0.386853,0.386853,0.2,0.2
3,semantic,2d3260c31c88,3,1.0,1.0,1.0,1.0
3,semantic,2db497224fb1,8,0.943866,0.80481,1.0,0.854167
3,semantic,2e4e089b5ac7,12,0.430677,0.430677,0.25,0.25
3,semantic,30380a0a655a,6,1.0,1.0,1.0,1.0
3,semantic,30914f6fdf21,10,0.643644,0.478226,0.333333,0.500952
3,semantic,32c5799fc8ae,11,0.774581,0.723427,1.0,0.953563
3,semantic,34403431dba9,6,1.0,1.0,1.0,1.0
3,semantic,353fe8d3d48a,2,1.0,1.0,1.0,1.0
3,semantic,35bb03ab58d0,2,1.0,1.0,1.0,1.0
3,semantic,366f899ef1ca,3,0.965195,0.965195,,
3,semantic,386978dec6bc,12,0.895959,0.853932,1.0,0.887073
3,semantic,39e96d28c48c,4,0.967468,0.967468,1.0,0.916667
3,semantic,3a4d96f0980a,3,1.0,1.0,1.0,1.0
3,semantic,3acffd3f5798,3,1.0,1.0,1.0,1.0
3,semantic,3c1a85ba49f5,3,0.965195,0.965195,,
3,semantic,3f73831e96aa,9,1.0,1.0,1.0,1.0
3,semantic,436b1cf60b4b,7,0.653393,0.514337,0.333333,0.525
3,semantic,4a9a077f10e1,4,1.0,1.0,1.0,1.0
3,semantic,4c533fdf8200,2,1.0,1.0,1.0,1.0
3,semantic,4c6e7eba3263,5,1.0,1.0,1.0,1.0
3,semantic,4c7357cf6d7c,2,0.63093,0.63093,0.5,0.5
3,semantic,4d1f08de9cbc,3,1.0,1.0,1.0,1.0
3,semantic,4f218377e2b3,4,0.967468,0.967468,1.0,0.916667
3,semantic,4fb3cab336fb,6,0.5,0.5,0.333333,0.333333
3,semantic,4fda275b2737,12,0.430677,0.430677,0.25,0.25
3,semantic,505a04ba1816,6,0.980923,0.85163,1.0,0.966667
3,semantic,51488b910eff,4,1.0,1.0,1.0,1.0
3,semantic,5185d3d45f6c,2,1.0,1.0,1.0,1.0
3,semantic,5415bd613235,9,0.642103,0.33781,0.333333,0.505952
3,semantic,54578ed2a62f,6,1.0,1.0,1.0,1.0
3,semantic,57720105064a,9,0.56679,0.319147,0.25,0.380754
3,semantic,5b591f33e60f,2,1.0,1.0,1.0,1.0
3,semantic,5ba143b454a4,2,1.0,1.0,1.0,1.0
3,semantic,5d40440b9717,3,1.0,1.0,1.0,1.0
3,semantic,5fcb77f2fb83,5,1.0,1.0,1.0,1.0
3,semantic,60411c10d3dc,7,1.0,1.0,1.0,1.0
3,semantic,62a984d77d48,6,0.732829,0.732829,0.5,0.638889
3,semantic,648a0a5334dd,4,1.0,1.0,1.0,1.0
3,semantic,662384429eab,10,0.559161,0.203232,0.333333,0.477778
3,semantic,67f2747427a9,6,0.933881,0.86496,,
3,semantic,696ef28bc65a,2,1.0,1.0,1.0,1.0
3,semantic,698b2d266f61,3,1.0,1.0,1.0,1.0
3,semantic,6a6ad18c8669,6,0.866107,0.866107,1.0,1.0
3,semantic,6b4cfeeeadea,11,0.9099,1.0,1.0,0.932427
3,semantic,6cf2d9a2a90b,6,0.781651,0.66084,0.5,0.71
3,semantic,6d7435e475bf,8,0.949414,0.83042,1.0,0.873639
3,semantic,6ec1468683c4,5,0.946902,0.946902,1.0,0.866667
3,semantic,6fdb206a7f3e,2,1.0,1.0,1.0,1.0
3,semantic,702f3c7ea663,2,1.0,1.0,1.0,1.0
3,semantic,75f647c7c6cb,6,1.0,1.0,1.0,1.0
3,semantic,7655b0b508a5,8,0.619516,0.396663,0.333333,0.47619
3,semantic,76669675359a,2,1.0,1.0,1.0,1.0
3,semantic,77aafa519ec2,2,1.0,1.0,1.0,1.0
3,semantic,77f71b61c082,8,0.980377,0.868795,1.0,0.937925
3,semantic,785eafe853d0,7,0.76064,0.76064,0.5,0.679167
3,semantic,78fee8bed05e,9,0.945359,0.776573,1.0,0.970486
3,semantic,7a0dda470745,2,1.0,1.0,1.0,1.0
3,semantic,7bb6272c3211,10,0.925077,0.794752,1.0,0.986111
3,semantic,821648eaa49c,4,0.968771,0.968771,,
3,semantic,82e733317cf4,6,0.66535,0.498189,0.5,0.5
3,semantic,84538d1833b9,6,0.943866,0.80481,1.0,0.854167
3,semantic,878c690ee2c6,7,0.992047,0.992047,1.0,1.0
3,semantic,87f2b6552fa9,3,1.0,1.0,1.0,1.0
3,semantic,88393521a764,3,1.0,1.0,1.0,1.0
3,semantic,8859b2606904,4,0.63093,0.63093,0.5,0.5
3,semantic,88c94b097f9d,4,0.967468,0.967468,1.0,0.916667
3,semantic,8b0ff9aeb55d,11,0.671961,0.307172,0.5,0.539286
3,semantic,931e7878238f,2,0.63093,0.63093,0.5,0.5
3,semantic,97296c5249a0,3,1.0,1.0,1.0,1.0
3,semantic,97de12426af9,13,0.30103,0.0,0.111111,0.111111
3,semantic,9c98daaba415,2,1.0,1.0,1.0,1.0
3,semantic,9e47116c4f45,11,0.289308,0.0,0.125,0.20665
3,semantic,a067f5f08c0d,3,1.0,1.0,1.0,1.0
3,semantic,a221ba5cbe1e,2,1.0,1.0,1.0,1.0
3,semantic,a32d2d931c0c,4,1.0,1.0,1.0,1.0
3,semantic,a4adbae53361,3,1.0,1.0,1.0,1.0
3,semantic,a6f18836d0d6,2,1.0,1.0,1.0,1.0
3,semantic,a8681cc39733,2,0.63093,0.63093,0.5,0.5
3,semantic,a9468d6b3d20,4,0.967468,0.967468,1.0,0.916667
3,semantic,a984ee093c7d,3,1.0,1.0,1.0,1.0
3,semantic,aa21e203c640,10,0.991829,1.0,1.0,0.970486
3,semantic,adbf2fe884af,5,0.650921,0.650921,0.5,0.5
3,semantic,ae5fbd22fb6f,9,0.97614,0.868795,1.0,0.937925
3,semantic,ae68cab2fef2,4,0.92834,0.92834,1.0,0.916667
3,semantic,aea2db14e25c,5,0.88546,0.88546,1.0,0.755556
3,semantic,aee19b6c4764,2,1.0,1.0,1.0,1.0
3,semantic,b34576fa23ff,2,0.63093,0.63093,0.5,0.5
3,semantic,b3c8ba0b76d5,2,1.0,1.0,1.0,1.0
3,semantic,b79ea79f64f8,6,0.5,0.5,0.333333,0.333333
3,semantic,b80ea8710b4b,7,0.543771,0.543771,0.333333,0.366667
3,semantic,b854627567a1,4,1.0,1.0,1.0,1.0
3,semantic,b8c6937dcde2,4,0.967468,0.967468,1.0,0.916667
3,semantic,b90999bd209c,2,1.0,1.0,1.0,1.0
3,semantic,ba01700fed97,2,1.0,1.0,1.0,1.0
3,semantic,bb6fc93c50e5,5,0.888722,0.888722,,
3,semantic,bb82c3a81425,6,0.356207,0.0,0.166667,0.166667
3,semantic,bbd4650c1c51,3,0.63093,0.63093,0.5,0.5
3,semantic,bc72b00d95b6,9,0.643322,0.643322,0.5,0.5
3,semantic,bf7e97d43c15,10,0.811239,0.470365,1.0,0.616071
3,semantic,c272d7917e4d,4,0.919721,0.919721,1.0,0.833333
3,semantic,c57f8736fae3,8,1.0,1.0,1.0,1.0
3,semantic,c7d3f2e8477d,8,0.386853,0.386853,0.2,0.2
3,semantic,ca34fc52c221,8,0.798861,0.650821,1.0,0.591667
3,semantic,ca8e2362fb79,8,0.944159,0.83042,1.0,0.855556
3,semantic,cada30d1f7dc,3,0.63093,0.63093,0.5,0.5
3,semantic,cc8d5d4a2093,12,0.753653,0.50874,1.0,0.639851
3,semantic,ccf4f2a4a4b0,4,1.0,1.0,1.0,1.0
3,semantic,ce087bff3370,5,0.543771,0.543771,0.333333,0.366667
3,semantic,ce7f82f99470,12,0.655944,0.446854,0.333333,0.497778
3,semantic,cf25274e6ebe,2,1.0,1.0,1.0,1.0
3,semantic,d19959407319,5,0.969923,0.969923,1.0,0.866667
3,semantic,d322146d662c,5,1.0,1.0,1.0,1.0
3,semantic,d4a082a8c5c9,10,1.0,1.0,1.0,1.0
3,semantic,d67646dfb1c3,3,1.0,1.0,1.0,1.0
3,semantic,d74515aabf7d,9,0.981848,0.868795,1.0,0.942857
3,semantic,da248d6e0d85,2,1.0,1.0,1.0,1.0
3,semantic,df1202617213,5,1.0,1.0,1.0,1.0
3,semantic,e0ac4f55cf3f,3,0.63093,0.63093,0.5,0.5
3,semantic,e16a55a28e96,3,1.0,1.0,1.0,1.0
3,semantic,e1c3672bea3a,4,1.0,1.0,1.0,1.0
3,semantic,e39789b861e7,6,1.0,1.0,1.0,1.0
3,semantic,e7d02e5f4526,2,1.0,1.0,1.0,1.0
3,semantic,e8e50f4114b3,3,1.0,1.0,1.0,1.0
3,semantic,e9d33ed525c4,9,0.810134,0.591089,1.0,0.6
3,semantic,e9d6b97e718c,4,1.0,1.0,1.0,1.0
3,semantic,f00600da0a07,4,0.967468,0.967468,1.0,0.916667
3,semantic,f013284797f9,2,1.0,1.0,1.0,1.0
3,semantic,f17b031a1618,3,0.919721,0.919721,1.0,0.833333
3,semantic,f2b519f794c7,8,0.905865,0.636682,1.0,0.767857
3,semantic,f2bf39e7196f,6,0.982892,0.982892,1.0,0.95
3,semantic,f2f1af71c920,3,0.919721,0.919721,1.0,0.833333
3,semantic,f459e14e173d,6,0.93133,0.93133,1.0,0.95
3,semantic,f57d2e764c36,8,0.983805,0.868795,1.0,0.948413
3,semantic,f5cfef367792,6,0.853943,0.664565,1.0,0.722222
3,semantic,f6277475b72f,3,0.919721,0.919721,1.0,0.833333
3,semantic,f7ea7f0d3002,3,1.0,1.0,1.0,1.0
3,semantic,fc086773a9f8,8,0.990596,0.934397,,
3,semantic,fc095e331f80,8,0.757439,0.529635,0.5,0.641667
3,semantic,fc15846cdd34,11,0.617096,0.246302,0.5,0.40129
3,semantic,fc57c4cfac8c,8,0.63093,0.63093,0.5,0.5
3,hybrid,0048c170bcec,2,1.0,1.0,1.0,1.0
3,hybrid,03eeb3f2198b,5,1.0,1.0,1.0,1.0
3,hybrid,03fb1995b055,3,1.0,1.0,1.0,1.0
3,hybrid,062199eaf593,11,0.970636,0.85163,1.0,0.905556
3,hybrid,09383ee0fd7d,2,1.0,1.0,1.0,1.0
3,hybrid,0c0db0a3207e,4,0.906025,0.906025,1.0,0.805556
3,hybrid,0cf4d649ae6d,8,0.635795,0.541106,0.5,0.466667
3,hybrid,0f426cf82a7f,7,0.687148,0.530721,0.5,0.531746
3,hybrid,0f452544a00a,2,1.0,1.0,1.0,1.0
3,hybrid,121bb95534e4,4,0.877215,0.877215,1.0,0.75
3,hybrid,155aab1f3316,9,0.874855,0.654809,1.0,0.722619
3,hybrid,183a9943f52f,5,1.0,1.0,1.0,1.0
3,hybrid,19f1bf5c252c,16,0.638151,0.522203,0.5,0.704034
3,hybrid,1ab5a4ec2067,6,1.0,1.0,1.0,1.0
3,hybrid,1b4aa98f6543,4,0.967468,0.967468,1.0,0.916667
3,hybrid,1f4faad6e60c,4,0.570642,0.570642,0.333333,0.416667
3,hybrid,1f506269424f,6,1.0,1.0,1.0,1.0
3,hybrid,22ea43f400cd,5,1.0,1.0,1.0,1.0
3,hybrid,2568979c123c,3,1.0,1.0,1.0,1.0
3,hybrid,256adc117895,11,0.891617,0.615733,1.0,0.821088
3,hybrid,25b80d939833,18,0.674126,0.599561,1.0,0.803439
3,hybrid,2637bf13897a,2,0.63093,0.63093,0.5,0.5
3,hybrid,27cef591b627,6,0.906025,0.906025,1.0,0.805556
3,hybrid,296bf1cce547,2,1.0,1.0,1.0,1.0
3,hybrid,2a2b6d4bb48a,3,1.0,1.0,1.0,1.0
3,hybrid,2a540b5dfad9,6,0.994438,0.929792,1.0,0.966667
3,hybrid,2a66464e0cf7,3,0.919721,0.919721,1.0,0.833333
3,hybrid,2c5302c101f6,5,0.386853,0.386853,0.2,0.2
3,hybrid,2d3260c31c88,3,1.0,1.0,1.0,1.0
3,hybrid,2db497224fb1,8,0.943866,0.80481,1.0,0.854167
3,hybrid,2e4e089b5ac7,12,0.430677,0.430677,0.25,0.25
3,hybrid,30380a0a655a,6,1.0,1.0,1.0,1.0
3,hybrid,30914f6fdf21,10,0.647795,0.478226,0.333333,0.52
3,hybrid,32c5799fc8ae,11,0.79663,0.74563,1.0,0.967452
3,hybrid,34403431dba9,6,1.0,1.0,1.0,1.0
3,hybrid,353fe8d3d48a,2,1.0,1.0,1.0,1.0
3,hybrid,35bb03ab58d0,2,1.0,1.0,1.0,1.0
3,hybrid,366f899ef1ca,3,0.965195,0.965195,,
3,hybrid,386978dec6bc,12,0.902867,0.868795,1.0,0.898493
3,hybrid,39e96d28c48c,4,0.967468,0.967468,1.0,0.916667
3,hybrid,3a4d96f0980a,3,1.0,1.0,1.0,1.0
3,hybrid,3acffd3f5798,3,1.0,1.0,1.0,1.0
3,hybrid,3c1a85ba49f5,3,0.965195,0.965195,,
3,hybrid,3f73831e96aa,9,0.919721,0.919721,1.0,0.833333
3,hybrid,436b1cf60b4b,7,0.704506,0.56545,0.5,0.566667
3,hybrid,4a9a077f10e1,4,1.0,1.0,1.0,1.0
3,hybrid,4c533fdf8200,2,1.0,1.0,1.0,1.0
3,hybrid,4c6e7eba3263,5,1.0,1.0,1.0,1.0
3,hybrid,4c7357cf6d7c,2,0.63093,0.63093,0.5,0.5
3,hybrid,4d1f08de9cbc,3,1.0,1.0,1.0,1.0
3,hybrid,4f218377e2b3,4,1.0,1.0,1.0,1.0
3,hybrid,4fb3cab336fb,6,0.430677,0.430677,0.25,0.25
3,hybrid,4fda275b2737,12,0.386853,0.386853,0.2,0.2
3,hybrid,505a04ba1816,6,0.980923,0.85163,1.0,0.966667
3,hybrid,51488b910eff,4,0.63093,0.63093,0.5,0.5
3,hybrid,5185d3d45f6c,2,1.0,1.0,1.0,1.0
3,hybrid,5415bd613235,9,0.637952,0.33781,0.333333,0.505952
3,hybrid,54578ed2a62f,6,1.0,1.0,1.0,1.0
3,hybrid,57720105064a,9,0.56679,0.319147,0.25,0.380754
3,hybrid,5b591f33e60f,2,1.0,1.0,1.0,1.0
3,hybrid,5ba143b454a4,2,1.0,1.0,1.0,1.0
3,hybrid,5d40440b9717,3,1.0,1.0,1.0,1.0
3,hybrid,5fcb77f2fb83,5,1.0,1.0,1.0,1.0
3,hybrid,60411c10d3dc,7,0.993078,1.0,1.0,0.97619
3,hybrid,62a984d77d48,6,0.732829,0.732829,0.5,0.638889
3,hybrid,648a0a5334dd,4,1.0,1.0,1.0,1.0
3,hybrid,662384429eab,10,0.575697,0.372186,0.333333,0.497778
3,hybrid,67f2747427a9,6,0.870967,0.797979,,
3,hybrid,696ef28bc65a,2,1.0,1.0,1.0,1.0
3,hybrid,698b2d266f61,3,1.0,1.0,1.0,1.0
3,hybrid,6a6ad18c8669,6,0.971409,0.971409,1.0,1.0
3,hybrid,6b4cfeeeadea,11,0.920205,1.0,1.0,0.965909
3,hybrid,6cf2d9a2a90b,6,0.781651,0.66084,0.5,0.71
3,hybrid,6d7435e475bf,8,0.969384,0.853932,1.0,0.909354
3,hybrid,6ec1468683c4,5,0.946902,0.946902,1.0,0.866667
3,hybrid,6fdb206a7f3e,2,1.0,1.0,1.0,1.0
3,hybrid,702f3c7ea663,2,1.0,1.0,1.0,1.0
3,hybrid,75f647c7c6cb,6,1.0,1.0,1.0,1.0
3,hybrid,7655b0b508a5,8,0.619516,0.396663,0.333333,0.47619
3,hybrid,76669675359a,2,1.0,1.0,1.0,1.0
3,hybrid,77aafa519ec2,2,1.0,1.0,1.0,1.0
3,hybrid,77f71b61c082,8,0.949276,0.83042,1.0,0.873639
3,hybrid,785eafe853d0,7,0.76064,0.76064,0.5,0.679167
3,hybrid,78fee8bed05e,9,0.93873,0.776573,1.0,0.952629
3,hybrid,7a0dda470745,2,1.0,1.0,1.0,1.0
3,hybrid,7bb6272c3211,10,0.877687,0.750455,1.0,0.822768
3,hybrid,821648eaa49c,4,0.968771,0.968771,,
3,hybrid,82e733317cf4,6,0.679731,0.679731,0.5,0.533333
3,hybrid,84538d1833b9,6,0.926758,0.787702,1.0,0.816667
3,hybrid,878c690ee2c6,7,0.980923,0.85163,1.0,0.966667
3,hybrid,87f2b6552fa9,3,1.0,1.0,1.0,1.0
3,hybrid,88393521a764,3,1.0,1.0,1.0,1.0
3,hybrid,8859b2606904,4,0.63093,0.63093,0.5,0.5
3,hybrid,88c94b097f9d,4,0.967468,0.967468,1.0,0.916667
3,hybrid,8b0ff9aeb55d,11,0.646741,0.411245,0.5,0.559286
3,hybrid,931e7878238f,2,0.63093,0.63093,0.5,0.5
3,hybrid,97296c5249a0,3,1.0,1.0,1.0,1.0
3,hybrid,97de12426af9,13,0.30103,0.0,0.111111,0.111111
3,hybrid,9c98daaba415,2,1.0,1.0,1.0,1.0
3,hybrid,9e47116c4f45,11,0.297693,0.0,0.142857,0.212602
3,hybrid,a067f5f08c0d,3,1.0,1.0,1.0,1.0
3,hybrid,a221ba5cbe1e,2,1.0,1.0,1.0,1.0
3,hybrid,a32d2d931c0c,4,1.0,1.0,1.0,1.0
3,hybrid,a4adbae53361,3,1.0,1.0,1.0,1.0
3,hybrid,a6f18836d0d6,2,1.0,1.0,1.0,1.0
3,hybrid,a8681cc39733,2,0.63093,0.63093,0.5,0.5
3,hybrid,a9468d6b3d20,4,1.0,1.0,1.0,1.0
3,hybrid,a984ee093c7d,3,1.0,1.0,1.0,1.0
3,hybrid,aa21e203c640,10,0.991829,1.0,1.0,0.970486
3,hybrid,adbf2fe884af,5,0.877215,0.877215,1.0,0.75
3,hybrid,ae5fbd22fb6f,9,0.979435,0.868795,1.0,0.937925
3,hybrid,ae68cab2fef2,4,0.965195,0.965195,1.0,1.0
3,hybrid,aea2db14e25c,5,0.946902,0.946902,1.0,0.866667
3,hybrid,aee19b6c4764,2,1.0,1.0,1.0,1.0
3,hybrid,b34576fa23ff,2,0.63093,0.63093,0.5,0.5
3,hybrid,b3c8ba0b76d5,2,1.0,1.0,1.0,1.0
3,hybrid,b79ea79f64f8,6,0.5,0.5,0.333333,0.333333
3,hybrid,b80ea8710b4b,7,0.693426,0.693426,0.5,0.583333
3,hybrid,b854627567a1,4,1.0,1.0,1.0,1.0
3,hybrid,b8c6937dcde2,4,1.0,1.0,1.0,1.0
3,hybrid,b90999bd209c,2,1.0,1.0,1.0,1.0
3,hybrid,ba01700fed97,2,1.0,1.0,1.0,1.0
3,hybrid,bb6fc93c50e5,5,0.888722,0.888722,,
3,hybrid,bb82c3a81425,6,0.356207,0.0,0.166667,0.166667
3,hybrid,bbd4650c1c51,3,1.0,1.0,1.0,1.0
3,hybrid,bc72b00d95b6,9,0.474435,0.474435,0.25,0.325
3,hybrid,bf7e97d43c15,10,0.811239,0.470365,1.0,0.616071
3,hybrid,c272d7917e4d,4,0.919721,0.919721,1.0,0.833333
3,hybrid,c57f8736fae3,8,1.0,1.0,1.0,1.0
3,hybrid,c7d3f2e8477d,8,0.430677,0.430677,0.25,0.25
3,hybrid,ca34fc52c221,8,0.798861,0.650821,1.0,0.591667
3,hybrid,ca8e2362fb79,8,0.949566,0.83042,1.0,0.873413
3,hybrid,cada30d1f7dc,3,0.63093,0.63093,0.5,0.5
3,hybrid,cc8d5d4a2093,12,0.822729,0.699215,1.0,0.752946
3,hybrid,ccf4f2a4a4b0,4,0.967468,0.967468,1.0,0.916667
3,hybrid,ce087bff3370,5,0.543771,0.543771,0.333333,0.366667
3,hybrid,ce7f82f99470,12,0.662004,0.446854,0.333333,0.512063
3,hybrid,cf25274e6ebe,2,1.0,1.0,1.0,1.0
3,hybrid,d19959407319,5,0.981572,0.981572,1.0,0.916667
3,hybrid,d322146d662c,5,1.0,1.0,1.0,1.0
3,hybrid,d4a082a8c5c9,10,1.0,1.0,1.0,1.0
3,hybrid,d67646dfb1c3,3,1.0,1.0,1.0,1.0
3,hybrid,d74515aabf7d,9,0.981848,0.868795,1.0,0.942857
3,hybrid,da248d6e0d85,2,1.0,1.0,1.0,1.0
3,hybrid,df1202617213,5,1.0,1.0,1.0,1.0
3,hybrid,e0ac4f55cf3f,3,0.63093,0.63093,0.5,0.5
3,hybrid,e16a55a28e96,3,1.0,1.0,1.0,1.0
3,hybrid,e1c3672bea3a,4,1.0,1.0,1.0,1.0
3,hybrid,e39789b861e7,6,1.0,1.0,1.0,1.0
3,hybrid,e7d02e5f4526,2,1.0,1.0,1.0,1.0
3,hybrid,e8e50f4114b3,3,1.0,1.0,1.0,1.0
3,hybrid,e9d33ed525c4,9,0.581817,0.295544,0.333333,0.433333
3,hybrid,e9d6b97e718c,4,1.0,1.0,1.0,1.0
3,hybrid,f00600da0a07,4,0.967468,0.967468,1.0,0.916667
3,hybrid,f013284797f9,2,1.0,1.0,1.0,1.0
3,hybrid,f17b031a1618,3,0.919721,0.919721,1.0,0.833333
3,hybrid,f2b519f794c7,8,0.905865,0.636682,1.0,0.767857
3,hybrid,f2bf39e7196f,6,0.95583,0.95583,1.0,0.8875
3,hybrid,f2f1af71c920,3,0.919721,0.919721,1.0,0.833333
3,hybrid,f459e14e173d,6,0.93133,0.93133,1.0,0.95
3,hybrid,f57d2e764c36,8,0.978398,0.868795,1.0,0.930556
3,hybrid,f5cfef367792,6,0.870236,0.870236,1.0,0.755556
3,hybrid,f6277475b72f,3,0.919721,0.919721,1.0,0.833333
3,hybrid,f7ea7f0d3002,3,1.0,1.0,1.0,1.0
3,hybrid,fc086773a9f8,8,0.990596,0.934397,,
3,hybrid,fc095e331f80,8,0.757439,0.529635,0.5,0.641667
3,hybrid,fc15846cdd34,11,0.538922,0.168128,0.25,0.33879
3,hybrid,fc57c4cfac8c,8,0.63093,0.63093,0.5,0.5
4,tfidf,03eeb3f2198b,2,1.0,1.0,1.0,1.0
4,tfidf,062199eaf593,7,0.915635,0.724544,1.0,0.948413
4,tfidf,0c0db0a3207e,3,1.0,1.0,1.0,1.0
4,tfidf,0cf4d649ae6d,9,0.725124,0.469057,0.5,0.754592
4,tfidf,0f426cf82a7f,8,0.457495,0.264068,0.25,0.25
4,tfidf,121bb95534e4,7,0.926758,0.787702,1.0,0.816667
4,tfidf,155aab1f3316,14,0.329902,0.0,0.166667,0.29965
4,tfidf,19f1bf5c252c,17,0.627501,0.373819,0.333333,0.605952
4,tfidf,1b4aa98f6543,4,1.0,1.0,1.0,1.0
4,tfidf,1b560ff9a27c,2,1.0,1.0,1.0,1.0
4,tfidf,1de6a4f1ab97,4,1.0,1.0,1.0,1.0
4,tfidf,1f4faad6e60c,6,0.693426,0.693426,0.5,0.583333
4,tfidf,20935defdc79,10,0.968209,0.868795,1.0,0.897619
4,tfidf,23165420d868,4,0.906025,0.906025,1.0,0.805556
4,tfidf,236f48d9f371,8,0.44158,0.237198,0.2,0.242857
4,tfidf,2568979c123c,3,1.0,1.0,1.0,1.0
4,tfidf,256adc117895,14,0.386993,0.0,0.166667,0.344805
4,tfidf,25b80d939833,14,0.400913,0.181486,0.333333,0.320256
4,tfidf,2637bf13897a,4,1.0,1.0,1.0,1.0
4,tfidf,26ade05293dc,4,1.0,1.0,1.0,1.0
4,tfidf,27cef591b627,6,0.838547,0.671386,1.0,0.666667
4,tfidf,296bf1cce547,3,1.0,1.0,1.0,1.0
4,tfidf,2a540b5dfad9,4,1.0,1.0,1.0,1.0
4,tfidf,2a66464e0cf7,3,1.0,1.0,1.0,1.0
4,tfidf,2c3de36388f0,7,0.883824,0.753698,1.0,0.747024
4,tfidf,2c5302c101f6,5,0.543771,0.543771,0.333333,0.366667
4,tfidf,2db497224fb1,13,0.78448,0.469279,1.0,0.569444
4,tfidf,2ddeb9372b38,9,0.989544,0.934397,,
4,tfidf,2e4e089b5ac7,10,0.87899,0.553146,1.0,0.7
4,tfidf,30914f6fdf21,7,0.615393,0.34621,0.333333,0.45119
4,tfidf,31cf2b8862a1,7,0.850345,0.850345,1.0,0.7
4,tfidf,34403431dba9,4,1.0,1.0,1.0,1.0
4,tfidf,34e21a45b703,9,0.903683,0.720411,1.0,0.833879
4,tfidf,353fe8d3d48a,8,0.785936,0.66084,0.5,0.696825
4,tfidf,366f899ef1ca,6,0.742907,0.591089,1.0,0.733333
4,tfidf,386978dec6bc,19,0.395235,0.16958,0.333333,0.374143
4,tfidf,39e96d28c48c,3,1.0,1.0,1.0,1.0
4,tfidf,3ebb6be04fd8,4,1.0,1.0,1.0,1.0
4,tfidf,3f73831e96aa,5,0.95583,0.95583,1.0,0.8875
4,tfidf,3fee8189e3b4,8,0.876849,0.753698,1.0,0.729167
4,tfidf,416bc6e3ed6a,2,1.0,1.0,1.0,1.0
4,tfidf,436b1cf60b4b,2,0.63093,0.63093,0.5,0.5
4,tfidf,4746acdaa6a5,5,0.946902,0.946902,1.0,0.866667
4,tfidf,4a9a077f10e1,9,0.402983,0.0,0.166667,0.194444
4,tfidf,4c7357cf6d7c,6,0.710837,0.559018,0.5,0.645833
4,tfidf,4f218377e2b3,3,1.0,1.0,1.0,1.0
4,tfidf,4fb3cab336fb,14,0.67174,0.581774,1.0,0.650877
4,tfidf,4fda275b2737,10,0.58816,0.296082,0.5,0.361905
4,tfidf,505a04ba1816,3,0.919721,0.919721,1.0,0.833333
4,tfidf,5139b27d3ecc,2,1.0,1.0,1.0,1.0
4,tfidf,51488b910eff,2,0.859719,0.859719,,
4,tfidf,5185d3d45f6c,6,0.748676,0.60962,0.5,0.645833
4,tfidf,5415bd613235,8,0.525694,0.202107,0.25,0.337302
4,tfidf,542ec47e20fd,2,1.0,1.0,1.0,1.0
4,tfidf,54578ed2a62f,5,1.0,1.0,1.0,1.0
4,tfidf,57720105064a,12,0.369268,0.202107,0.25,0.277778
4,tfidf,59a32a4c0ee7,2,1.0,1.0,1.0,1.0
4,tfidf,5bcf6a7aa876,2,1.0,1.0,1.0,1.0
4,tfidf,5d40440b9717,6,0.849845,0.77206,1.0,0.926667
4,tfidf,5fa57a5ac62b,2,1.0,1.0,1.0,1.0
4,tfidf,5fcb77f2fb83,5,1.0,1.0,1.0,1.0
4,tfidf,60411c10d3dc,4,0.967468,0.967468,1.0,0.916667
4,tfidf,613621ee041a,9,0.578014,0.436747,0.333333,0.388889
4,tfidf,61a55936e790,7,0.981848,0.868795,1.0,0.942857
4,tfidf,62a984d77d48,5,0.982892,0.982892,1.0,0.95
4,tfidf,63c0b5393c12,4,1.0,1.0,1.0,1.0
4,tfidf,6433be1595e0,2,1.0,1.0,1.0,1.0
4,tfidf,648a0a5334dd,4,1.0,1.0,1.0,1.0
4,tfidf,662384429eab,17,0.592512,0.592512,0.5,0.513095
4,tfidf,66eebb032a98,6,1.0,1.0,1.0,1.0
4,tfidf,67f2747427a9,3,1.0,1.0,1.0,1.0
4,tfidf,696ecaba8353,12,0.554745,0.514771,0.5,0.536869
4,tfidf,696ef28bc65a,5,1.0,1.0,1.0,1.0
4,tfidf,6a6ad18c8669,4,0.650921,0.650921,0.5,0.5
4,tfidf,6b4cfeeeadea,4,0.5,0.5,0.333333,0.333333
4,tfidf,6d7435e475bf,9,1.0,1.0,1.0,1.0
4,tfidf,702f3c7ea663,9,0.880519,0.701224,1.0,0.833879
4,tfidf,7655b0b508a5,10,0.487265,0.08244,0.2,0.32629
4,tfidf,7668e8bd8d3b,5,0.693426,0.693426,0.5,0.583333
4,tfidf,77aafa519ec2,2,1.0,1.0,,
4,tfidf,77f71b61c082,18,0.460981,0.300785,0.333333,0.487922
4,tfidf,78fee8bed05e,10,0.455605,0.237198,0.2,0.266667
4,tfidf,7bb6272c3211,4,1.0,1.0,1.0,1.0
4,tfidf,83418bd2919c,3,1.0,1.0,1.0,1.0
4,tfidf,8859b2606904,6,1.0,1.0,1.0,1.0
4,tfidf,8ab3d3133e4a,2,1.0,1.0,1.0,1.0
4,tfidf,8b0ff9aeb55d,11,0.846904,0.732399,1.0,0.885
4,tfidf,8fa4263f01b5,10,0.997646,1.0,1.0,1.0
4,tfidf,9015dbb5ba34,4,1.0,1.0,1.0,1.0
4,tfidf,9183b50d9be9,2,1.0,1.0,1.0,1.0
4,tfidf,93d37b3988ae,3,1.0,1.0,1.0,1.0
4,tfidf,9e47116c4f45,13,0.416181,0.416181,0.333333,0.321368
4,tfidf,9f827bef0741,2,1.0,1.0,1.0,1.0
4,tfidf,a32d2d931c0c,4,1.0,1.0,1.0,1.0
4,tfidf,a8681cc39733,3,1.0,1.0,1.0,1.0
4,tfidf,a9468d6b3d20,6,0.992047,0.992047,1.0,1.0
4,tfidf,a984ee093c7d,2,1.0,1.0,1.0,1.0
4,tfidf,aa21e203c640,2,1.0,1.0,1.0,1.0
4,tfidf,ab547b5c9dad,2,1.0,1.0,1.0,1.0
4,tfidf,adbf2fe884af,3,1.0,1.0,1.0,1.0
4,tfidf,ae5fbd22fb6f,8,0.995088,1.0,1.0,0.982143
4,tfidf,ae68cab2fef2,4,0.893535,0.893535,1.0,0.805556
4,tfidf,ae8cadbebd42,2,1.0,1.0,1.0,1.0
4,tfidf,aea2db14e25c,9,0.612535,0.16958,0.333333,0.430159
4,tfidf,aee19b6c4764,6,0.982892,0.982892,1.0,0.95
4,tfidf,b34576fa23ff,3,1.0,1.0,1.0,1.0
4,tfidf,b354c165795a,7,1.0,1.0,1.0,1.0
4,tfidf,b6230865839d,3,0.5,0.5,0.333333,0.333333
4,tfidf,b79ea79f64f8,7,1.0,1.0,1.0,1.0
4,tfidf,b80ea8710b4b,2,1.0,1.0,1.0,1.0
4,tfidf,bb82c3a81425,4,0.570642,0.570642,0.333333,0.416667
4,tfidf,bc72b00d95b6,6,0.943382,0.803126,1.0,0.876667
4,tfidf,bf7e97d43c15,15,0.477004,0.300785,0.333333,0.377579
4,tfidf,c0412de7cd29,3,0.919721,0.919721,1.0,0.833333
4,tfidf,c45bbf786081,3,0.5,0.5,0.333333,0.333333
4,tfidf,c7d3f2e8477d,6,0.618289,0.618289,0.333333,0.477778
4,tfidf,ca34fc52c221,9,0.897862,0.827734,1.0,0.81
4,tfidf,cc8d5d4a2093,14,0.684352,0.684352,1.0,0.66359
4,tfidf,ccf4f2a4a4b0,4,0.430677,0.430677,0.25,0.25
4,tfidf,cdbc60f8daee,11,0.447091,0.19519,0.333333,0.332576
4,tfidf,ce7f82f99470,8,0.927961,0.80481,1.0,0.8125
4,tfidf,cf25274e6ebe,8,0.982009,0.868795,1.0,0.937925
4,tfidf,cf4760235323,5,0.906025,0.906025,1.0,0.805556
4,tfidf,cfe7402e0c46,6,0.895972,0.895972,1.0,0.804167
4,tfidf,d19959407319,5,0.888722,0.888722,,
4,tfidf,d322146d662c,4,0.859719,0.859719,1.0,1.0
4,tfidf,d4a082a8c5c9,13,0.532333,0.234639,0.333333,0.31746
4,tfidf,d74515aabf7d,13,0.350148,0.202107,0.25,0.25
4,tfidf,d92868363577,6,0.662514,0.662514,0.5,0.638889
4,tfidf,d9db974b8638,7,0.63093,0.63093,0.5,0.5
4,tfidf,ddf2656a8565,5,0.386853,0.386853,0.2,0.2
4,tfidf,df1202617213,3,0.919721,0.919721,1.0,0.833333
4,tfidf,e0ac4f55cf3f,6,0.989606,0.868795,1.0,0.966667
4,tfidf,e0e35be40cf0,7,0.848648,0.774217,1.0,1.0
4,tfidf,e16a55a28e96,5,0.95583,0.95583,1.0,0.8875
4,tfidf,e7d02e5f4526,5,0.693426,0.693426,0.5,0.583333
4,tfidf,e9d33ed525c4,9,0.802958,0.66084,0.5,0.725397
4,tfidf,f00600da0a07,2,1.0,1.0,1.0,1.0
4,tfidf,f013284797f9,9,0.981456,0.861363,1.0,1.0
4,tfidf,f17b031a1618,2,1.0,1.0,1.0,1.0
4,tfidf,f2b519f794c7,10,0.723984,0.476076,0.5,0.649603
4,tfidf,f2bf39e7196f,3,1.0,1.0,1.0,1.0
4,tfidf,f2f1af71c920,4,0.732829,0.732829,0.5,0.638889
4,tfidf,f459e14e173d,7,0.967468,0.967468,1.0,0.916667
4,tfidf,f57d2e764c36,4,1.0,1.0,1.0,1.0
4,tfidf,f5cfef367792,6,0.943866,0.80481,1.0,0.854167
4,tfidf,f6277475b72f,3,1.0,1.0,1.0,1.0
4,tfidf,f7f52ae541d1,3,1.0,1.0,1.0,1.0
4,tfidf,fa0a82b854b0,4,1.0,1.0,1.0,1.0
4,tfidf,fabab1f2a9ac,9,0.884977,0.763037,1.0,0.8
4,tfidf,fc086773a9f8,3,0.5,0.5,0.333333,0.333333
4,tfidf,fc095e331f80,10,0.901013,0.765361,1.0,0.766667
4,tfidf,fc15846cdd34,6,0.926758,0.787702,1.0,0.816667
4,tfidf,fc57c4cfac8c,9,0.971498,0.868795,1.0,0.90873
4,tfidf,fd5fb3568f28,4,0.693426,0.693426,0.5,0.583333
4,semantic,03eeb3f2198b,2,1.0,1.0,1.0,1.0
4,semantic,062199eaf593,7,0.945699,0.877542,1.0,1.0
4,semantic,0c0db0a3207e,3,1.0,1.0,1.0,1.0
4,semantic,0cf4d649ae6d,9,0.783103,0.595237,0.5,0.740703
4,semantic,0f426cf82a7f,8,0.543771,0.543771,0.333333,0.366667
4,semantic,121bb95534e4,7,0.982892,0.982892,1.0,0.95
4,semantic,155aab1f3316,14,0.098039,0.0,0.1,0.239331
4,semantic,19f1bf5c252c,17,0.768804,0.550831,1.0,0.699702
4,semantic,1b4aa98f6543,4,0.5,0.5,0.333333,0.333333
4,semantic,1b560ff9a27c,2,1.0,1.0,1.0,1.0
4,semantic,1de6a4f1ab97,4,1.0,1.0,1.0,1.0
4,semantic,1f4faad6e60c,6,0.877215,0.877215,1.0,0.75
4,semantic,20935defdc79,10,0.995088,1.0,1.0,0.982143
4,semantic,23165420d868,4,0.906025,0.906025,1.0,0.805556
4,semantic,236f48d9f371,8,0.570642,0.570642,0.333333,0.416667
4,semantic,2568979c123c,3,1.0,1.0,1.0,1.0
4,semantic,256adc117895,14,0.217852,0.070208,0.2,0.311457
4,semantic,25b80d939833,14,0.704013,0.544458,1.0,0.556923
4,semantic,2637bf13897a,4,1.0,1.0,1.0,1.0
4,semantic,26ade05293dc,4,1.0,1.0,1.0,1.0
4,semantic,27cef591b627,6,0.583342,0.416181,0.333333,0.411111
4,semantic,296bf1cce547,3,1.0,1.0,1.0,1.0
4,semantic,2a540b5dfad9,4,1.0,1.0,1.0,1.0
4,semantic,2a66464e0cf7,3,1.0,1.0,1.0,1.0
4,semantic,2c3de36388f0,7,0.917829,0.787702,1.0,0.792857
4,semantic,2c5302c101f6,5,0.693426,0.693426,0.5,0.583333
4,semantic,2db497224fb1,13,0.292078,0.0,0.142857,0.191209
4,semantic,2ddeb9372b38,9,0.989544,0.934397,,
4,semantic,2e4e089b5ac7,10,0.849598,0.50874,1.0,0.672619
4,semantic,30914f6fdf21,7,0.615393,0.34621,0.333333,0.45119
4,semantic,31cf2b8862a1,7,0.570642,0.570642,0.333333,0.416667
4,semantic,34403431dba9,4,1.0,1.0,1.0,1.0
4,semantic,34e21a45b703,9,0.774298,0.553847,0.5,0.771379
4,semantic,353fe8d3d48a,8,0.798265,0.66084,0.5,0.734524
4,semantic,366f899ef1ca,6,0.938647,0.938647,1.0,0.95
4,semantic,386978dec6bc,19,0.216895,0.16958,0.333333,0.307664
4,semantic,39e96d28c48c,3,1.0,1.0,1.0,1.0
4,semantic,3ebb6be04fd8,4,1.0,1.0,1.0,1.0
4,semantic,3f73831e96aa,5,0.982892,0.982892,1.0,0.95
4,semantic,3fee8189e3b4,8,0.653393,0.514337,0.333333,0.525
4,semantic,416bc6e3ed6a,2,1.0,1.0,1.0,1.0
4,semantic,436b1cf60b4b,2,1.0,1.0,1.0,1.0
4,semantic,4746acdaa6a5,5,1.0,1.0,1.0,1.0
4,semantic,4a9a077f10e1,9,0.482476,0.264068,0.25,0.291667
4,semantic,4c7357cf6d7c,6,0.695996,0.695996,0.5,0.679167
4,semantic,4f218377e2b3,3,1.0,1.0,1.0,1.0
4,semantic,4fb3cab336fb,14,0.761452,0.574343,1.0,0.680875
4,semantic,4fda275b2737,10,0.517309,0.202107,0.25,0.319444
4,semantic,505a04ba1816,3,1.0,1.0,1.0,1.0
4,semantic,5139b27d3ecc,2,1.0,1.0,1.0,1.0
4,semantic,51488b910eff,2,0.859719,0.859719,,
4,semantic,5185d3d45f6c,6,0.848583,0.709527,1.0,0.691667
4,semantic,5415bd613235,8,0.517309,0.202107,0.25,0.319444
4,semantic,542ec47e20fd,2,1.0,1.0,1.0,1.0
4,semantic,54578ed2a62f,5,0.906025,0.906025,1.0,0.805556
4,semantic,57720105064a,12,0.369268,0.202107,0.25,0.285354
4,semantic,59a32a4c0ee7,2,1.0,1.0,1.0,1.0
4,semantic,5bcf6a7aa876,2,1.0,1.0,1.0,1.0
4,semantic,5d40440b9717,6,0.814562,0.658992,1.0,0.926667
4,semantic,5fa57a5ac62b,2,1.0,1.0,1.0,1.0
4,semantic,5fcb77f2fb83,5,1.0,1.0,1.0,1.0
4,semantic,60411c10d3dc,4,1.0,1.0,1.0,1.0
4,semantic,613621ee041a,9,0.558226,0.234639,0.333333,0.365079
4,semantic,61a55936e790,7,0.989606,0.868795,1.0,0.966667
4,semantic,62a984d77d48,5,0.95583,0.95583,1.0,0.8875
4,semantic,63c0b5393c12,4,1.0,1.0,1.0,1.0
4,semantic,6433be1595e0,2,1.0,1.0,1.0,1.0
4,semantic,648a0a5334dd,4,1.0,1.0,1.0,1.0
4,semantic,662384429eab,17,0.242972,0.0,0.142857,0.205952
4,semantic,66eebb032a98,6,0.386853,0.386853,0.2,0.2
4,semantic,67f2747427a9,3,1.0,1.0,1.0,1.0
4,semantic,696ecaba8353,12,0.698437,0.446854,0.333333,0.580159
4,semantic,696ef28bc65a,5,1.0,1.0,1.0,1.0
4,semantic,6a6ad18c8669,4,0.693426,0.693426,0.5,0.583333
4,semantic,6b4cfeeeadea,4,0.5,0.5,0.333333,0.333333
4,semantic,6d7435e475bf,9,0.991121,1.0,1.0,0.968254
4,semantic,702f3c7ea663,9,0.907932,0.786014,1.0,0.833879
4,semantic,7655b0b508a5,10,0.49251,0.106552,0.333333,0.329167
4,semantic,7668e8bd8d3b,5,0.650921,0.650921,0.5,0.5
4,semantic,77aafa519ec2,2,0.859719,0.859719,,
4,semantic,77f71b61c082,18,0.272959,0.146068,0.25,0.416647
4,semantic,78fee8bed05e,10,0.543771,0.543771,0.333333,0.366667
4,semantic,7bb6272c3211,4,0.5,0.5,0.333333,0.333333
4,semantic,83418bd2919c,3,1.0,1.0,1.0,1.0
4,semantic,8859b2606904,6,1.0,1.0,1.0,1.0
4,semantic,8ab3d3133e4a,2,1.0,1.0,1.0,1.0
4,semantic,8b0ff9aeb55d,11,0.909247,0.658963,1.0,0.87619
4,semantic,8fa4263f01b5,10,0.997646,1.0,1.0,1.0
4,semantic,9015dbb5ba34,4,1.0,1.0,1.0,1.0
4,semantic,9183b50d9be9,2,1.0,1.0,1.0,1.0
4,semantic,93d37b3988ae,3,1.0,1.0,1.0,1.0
4,semantic,9e47116c4f45,13,0.156426,0.0,0.142857,0.180098
4,semantic,9f827bef0741,2,1.0,1.0,1.0,1.0
4,semantic,a32d2d931c0c,4,1.0,1.0,1.0,1.0
4,semantic,a8681cc39733,3,0.63093,0.63093,0.5,0.5
4,semantic,a9468d6b3d20,6,0.992047,0.992047,1.0,1.0
4,semantic,a984ee093c7d,2,1.0,1.0,1.0,1.0
4,semantic,aa21e203c640,2,1.0,1.0,1.0,1.0
4,semantic,ab547b5c9dad,2,1.0,1.0,1.0,1.0
4,semantic,adbf2fe884af,3,1.0,1.0,1.0,1.0
4,semantic,ae5fbd22fb6f,8,0.995088,1.0,1.0,0.982143
4,semantic,ae68cab2fef2,4,0.760622,0.760622,1.0,0.805556
4,semantic,ae8cadbebd42,2,1.0,1.0,1.0,1.0
4,semantic,aea2db14e25c,9,0.874855,0.654809,1.0,0.722619
4,semantic,aee19b6c4764,6,0.892754,0.753698,1.0,0.770833
4,semantic,b34576fa23ff,3,1.0,1.0,1.0,1.0
4,semantic,b354c165795a,7,1.0,1.0,1.0,1.0
4,semantic,b6230865839d,3,0.5,0.5,0.333333,0.333333
4,semantic,b79ea79f64f8,7,1.0,1.0,1.0,1.0
4,semantic,b80ea8710b4b,2,1.0,1.0,1.0,1.0
4,semantic,bb82c3a81425,4,0.650921,0.650921,0.5,0.5
4,semantic,bc72b00d95b6,6,0.960575,0.960575,1.0,1.0
4,semantic,bf7e97d43c15,15,0.635566,0.553146,1.0,0.603463
4,semantic,c0412de7cd29,3,0.693426,0.693426,0.5,0.583333
4,semantic,c45bbf786081,3,0.5,0.5,0.333333,0.333333
4,semantic,c7d3f2e8477d,6,0.583342,0.416181,0.333333,0.411111
4,semantic,ca34fc52c221,9,0.950022,0.887915,1.0,0.835
4,semantic,cc8d5d4a2093,14,0.577358,0.470365,1.0,0.511061
4,semantic,ccf4f2a4a4b0,4,0.430677,0.430677,0.25,0.25
4,semantic,cdbc60f8daee,11,0.854753,0.58557,1.0,0.684524
4,semantic,ce7f82f99470,8,0.927961,0.80481,1.0,0.8125
4,semantic,cf25274e6ebe,8,0.965414,0.795761,1.0,0.937925
4,semantic,cf4760235323,5,0.88546,0.88546,1.0,0.755556
4,semantic,cfe7402e0c46,6,0.990661,0.990661,1.0,0.95
4,semantic,d19959407319,5,0.888722,0.888722,,
4,semantic,d322146d662c,4,0.859719,0.859719,1.0,1.0
4,semantic,d4a082a8c5c9,13,0.579775,0.296082,0.5,0.35
4,semantic,d74515aabf7d,13,0.827812,0.671386,1.0,0.642857
4,semantic,d92868363577,6,0.969923,0.969923,1.0,0.866667
4,semantic,d9db974b8638,7,0.63093,0.63093,0.5,0.5
4,semantic,ddf2656a8565,5,0.430677,0.430677,0.25,0.25
4,semantic,df1202617213,3,1.0,1.0,1.0,1.0
4,semantic,e0ac4f55cf3f,6,0.989606,0.868795,1.0,0.966667
4,semantic,e0e35be40cf0,7,0.933881,0.86496,1.0,1.0
4,semantic,e16a55a28e96,5,0.982892,0.982892,1.0,0.95
4,semantic,e7d02e5f4526,5,1.0,1.0,1.0,1.0
4,semantic,e9d33ed525c4,9,0.788247,0.529635,0.5,0.689342
4,semantic,f00600da0a07,2,1.0,1.0,1.0,1.0
4,semantic,f013284797f9,9,0.863605,0.723427,1.0,1.0
4,semantic,f17b031a1618,2,1.0,1.0,1.0,1.0
4,semantic,f2b519f794c7,10,0.723287,0.295991,1.0,0.727183
4,semantic,f2bf39e7196f,3,1.0,1.0,1.0,1.0
4,semantic,f2f1af71c920,4,1.0,1.0,1.0,1.0
4,semantic,f459e14e173d,7,0.967468,0.967468,1.0,0.916667
4,semantic,f57d2e764c36,4,1.0,1.0,1.0,1.0
4,semantic,f5cfef367792,6,0.904717,0.904717,1.0,0.804167
4,semantic,f6277475b72f,3,1.0,1.0,1.0,1.0
4,semantic,f7f52ae541d1,3,0.63093,0.63093,0.5,0.5
4,semantic,fa0a82b854b0,4,1.0,1.0,1.0,1.0
4,semantic,fabab1f2a9ac,9,0.664138,0.408018,0.333333,0.580159
4,semantic,fc086773a9f8,3,0.63093,0.63093,0.5,0.5
4,semantic,fc095e331f80,10,0.456468,0.0,0.166667,0.25
4,semantic,fc15846cdd34,6,0.926758,0.787702,1.0,0.816667
4,semantic,fc57c4cfac8c,9,0.945308,0.83042,1.0,0.859751
4,semantic,fd5fb3568f28,4,0.693426,0.693426,0.5,0.583333
4,hybrid,03eeb3f2198b,2,1.0,1.0,1.0,1.0
4,hybrid,062199eaf593,7,0.882785,0.810561,1.0,1.0
4,hybrid,0c0db0a3207e,3,1.0,1.0,1.0,1.0
4,hybrid,0cf4d649ae6d,9,0.770307,0.57605,0.5,0.754592
4,hybrid,0f426cf82a7f,8,0.455605,0.237198,0.2,0.266667
4,hybrid,121bb95534e4,7,0.982892,0.982892,1.0,0.95
4,hybrid,155aab1f3316,14,0.200137,0.0,0.111111,0.245189
4,hybrid,19f1bf5c252c,17,0.709452,0.470365,1.0,0.730258
4,hybrid,1b4aa98f6543,4,0.5,0.5,0.333333,0.333333
4,hybrid,1b560ff9a27c,2,1.0,1.0,1.0,1.0
4,hybrid,1de6a4f1ab97,4,1.0,1.0,1.0,1.0
4,hybrid,1f4faad6e60c,6,1.0,1.0,1.0,1.0
4,hybrid,20935defdc79,10,0.949276,0.83042,1.0,0.873639
4,hybrid,23165420d868,4,0.906025,0.906025,1.0,0.805556
4,hybrid,236f48d9f371,8,0.543771,0.543771,0.333333,0.366667
4,hybrid,2568979c123c,3,1.0,1.0,1.0,1.0
4,hybrid,256adc117895,14,0.302356,0.321903,1.0,0.469875
4,hybrid,25b80d939833,14,0.74537,0.684875,1.0,0.658528
4,hybrid,2637bf13897a,4,1.0,1.0,1.0,1.0
4,hybrid,26ade05293dc,4,1.0,1.0,1.0,1.0
4,hybrid,27cef591b627,6,0.603907,0.436747,0.333333,0.444444
4,hybrid,296bf1cce547,3,1.0,1.0,1.0,1.0
4,hybrid,2a540b5dfad9,4,1.0,1.0,1.0,1.0
4,hybrid,2a66464e0cf7,3,1.0,1.0,1.0,1.0
4,hybrid,2c3de36388f0,7,0.95583,0.95583,1.0,0.8875
4,hybrid,2c5302c101f6,5,0.693426,0.693426,0.5,0.583333
4,hybrid,2db497224fb1,13,0.437349,0.296082,0.5,0.324074
4,hybrid,2ddeb9372b38,9,0.996064,1.0,,
4,hybrid,2e4e089b5ac7,10,0.884053,0.786014,1.0,0.743333
4,hybrid,30914f6fdf21,7,0.615393,0.34621,0.333333,0.45119
4,hybrid,31cf2b8862a1,7,0.850345,0.850345,1.0,0.7
4,hybrid,34403431dba9,4,1.0,1.0,1.0,1.0
4,hybrid,34e21a45b703,9,0.810487,0.66084,0.5,0.771379
4,hybrid,353fe8d3d48a,8,0.798265,0.66084,0.5,0.734524
4,hybrid,366f899ef1ca,6,0.909101,0.909101,1.0,0.8875
4,hybrid,386978dec6bc,19,0.256174,0.213986,0.5,0.31913
4,hybrid,39e96d28c48c,3,1.0,1.0,1.0,1.0
4,hybrid,3ebb6be04fd8,4,1.0,1.0,1.0,1.0
4,hybrid,3f73831e96aa,5,0.982892,0.982892,1.0,0.95
4,hybrid,3fee8189e3b4,8,0.748676,0.60962,0.5,0.645833
4,hybrid,416bc6e3ed6a,2,1.0,1.0,1.0,1.0
4,hybrid,436b1cf60b4b,2,0.63093,0.63093,0.5,0.5
4,hybrid,4746acdaa6a5,5,1.0,1.0,1.0,1.0
4,hybrid,4a9a077f10e1,9,0.501266,0.501266,0.25,0.325
4,hybrid,4c7357cf6d7c,6,0.859997,0.859997,1.0,0.95
4,hybrid,4f218377e2b3,3,1.0,1.0,1.0,1.0
4,hybrid,4fb3cab336fb,14,0.588721,0.315648,0.333333,0.528097
4,hybrid,4fda275b2737,10,0.471628,0.0,0.166667,0.275794
4,hybrid,505a04ba1816,3,1.0,1.0,1.0,1.0
4,hybrid,5139b27d3ecc,2,1.0,1.0,1.0,1.0
4,hybrid,51488b910eff,2,0.859719,0.859719,,
4,hybrid,5185d3d45f6c,6,0.892754,0.753698,1.0,0.770833
4,hybrid,5415bd613235,8,0.558226,0.234639,0.333333,0.365079
4,hybrid,542ec47e20fd,2,1.0,1.0,1.0,1.0
4,hybrid,54578ed2a62f,5,0.967468,0.967468,1.0,0.916667
4,hybrid,57720105064a,12,0.369268,0.202107,0.25,0.277778
4,hybrid,59a32a4c0ee7,2,1.0,1.0,1.0,1.0
4,hybrid,5bcf6a7aa876,2,1.0,1.0,1.0,1.0
4,hybrid,5d40440b9717,6,0.814562,0.658992,1.0,0.926667
4,hybrid,5fa57a5ac62b,2,1.0,1.0,1.0,1.0
4,hybrid,5fcb77f2fb83,5,1.0,1.0,1.0,1.0
4,hybrid,60411c10d3dc,4,1.0,1.0,1.0,1.0
4,hybrid,613621ee041a,9,0.807247,0.650821,1.0,0.609524
4,hybrid,61a55936e790,7,0.989606,0.868795,1.0,0.966667
4,hybrid,62a984d77d48,5,1.0,1.0,1.0,1.0
4,hybrid,63c0b5393c12,4,1.0,1.0,1.0,1.0
4,hybrid,6433be1595e0,2,1.0,1.0,1.0,1.0
4,hybrid,648a0a5334dd,4,1.0,1.0,1.0,1.0
4,hybrid,662384429eab,17,0.130127,0.0,0.142857,0.205528
4,hybrid,66eebb032a98,6,0.63093,0.63093,0.5,0.5
4,hybrid,67f2747427a9,3,1.0,1.0,1.0,1.0
4,hybrid,696ecaba8353,12,0.884222,0.786014,1.0,0.740278
4,hybrid,696ef28bc65a,5,1.0,1.0,1.0,1.0
4,hybrid,6a6ad18c8669,4,0.650921,0.650921,0.5,0.5
4,hybrid,6b4cfeeeadea,4,0.63093,0.63093,0.5,0.5
4,hybrid,6d7435e475bf,9,0.979921,1.0,1.0,0.93254
4,hybrid,702f3c7ea663,9,0.804245,0.66084,0.5,0.771379
4,hybrid,7655b0b508a5,10,0.49251,0.106552,0.333333,0.329167
4,hybrid,7668e8bd8d3b,5,0.693426,0.693426,0.5,0.583333
4,hybrid,77aafa519ec2,2,0.859719,0.859719,,
4,hybrid,77f71b61c082,18,0.40523,0.345191,0.5,0.440581
4,hybrid,78fee8bed05e,10,0.831555,0.613147,1.0,0.666667
4,hybrid,7bb6272c3211,4,0.430677,0.430677,0.25,0.25
4,hybrid,83418bd2919c,3,1.0,1.0,1.0,1.0
4,hybrid,8859b2606904,6,1.0,1.0,1.0,1.0
4,hybrid,8ab3d3133e4a,2,1.0,1.0,1.0,1.0
4,hybrid,8b0ff9aeb55d,11,0.830541,0.591982,1.0,0.844444
4,hybrid,8fa4263f01b5,10,0.984824,0.926966,1.0,1.0
4,hybrid,9015dbb5ba34,4,1.0,1.0,1.0,1.0
4,hybrid,9183b50d9be9,2,1.0,1.0,1.0,1.0
4,hybrid,93d37b3988ae,3,0.919721,0.919721,1.0,0.833333
4,hybrid,9e47116c4f45,13,0.308427,0.0,0.166667,0.206553
4,hybrid,9f827bef0741,2,1.0,1.0,1.0,1.0
4,hybrid,a32d2d931c0c,4,1.0,1.0,1.0,1.0
4,hybrid,a8681cc39733,3,0.63093,0.63093,0.5,0.5
4,hybrid,a9468d6b3d20,6,0.979465,0.979465,1.0,1.0
4,hybrid,a984ee093c7d,2,0.63093,0.63093,0.5,0.5
4,hybrid,aa21e203c640,2,1.0,1.0,1.0,1.0
4,hybrid,ab547b5c9dad,2,1.0,1.0,1.0,1.0
4,hybrid,adbf2fe884af,3,1.0,1.0,1.0,1.0
4,hybrid,ae5fbd22fb6f,8,0.995088,1.0,1.0,0.982143
4,hybrid,ae68cab2fef2,4,0.830231,0.830231,1.0,0.916667
4,hybrid,ae8cadbebd42,2,1.0,1.0,1.0,1.0
4,hybrid,aea2db14e25c,9,0.904398,0.684352,1.0,0.759286
4,hybrid,aee19b6c4764,6,0.904717,0.904717,1.0,0.804167
4,hybrid,b34576fa23ff,3,1.0,1.0,1.0,1.0
4,hybrid,b354c165795a,7,1.0,1.0,1.0,1.0
4,hybrid,b6230865839d,3,0.5,0.5,0.333333,0.333333
4,hybrid,b79ea79f64f8,7,1.0,1.0,1.0,1.0
4,hybrid,b80ea8710b4b,2,1.0,1.0,1.0,1.0
4,hybrid,bb82c3a81425,4,0.919721,0.919721,1.0,0.833333
4,hybrid,bc72b00d95b6,6,0.986352,0.986352,1.0,1.0
4,hybrid,bf7e97d43c15,15,0.280256,0.146068,0.25,0.3155
4,hybrid,c0412de7cd29,3,0.693426,0.693426,0.5,0.583333
4,hybrid,c45bbf786081,3,0.63093,0.63093,0.5,0.5
4,hybrid,c7d3f2e8477d,6,0.583342,0.416181,0.333333,0.411111
4,hybrid,ca34fc52c221,9,0.969456,0.910191,1.0,0.911111
4,hybrid,cc8d5d4a2093,14,0.737985,0.639945,1.0,0.604762
4,hybrid,ccf4f2a4a4b0,4,0.430677,0.430677,0.25,0.25
4,hybrid,cdbc60f8daee,11,0.811785,0.558508,1.0,0.607143
4,hybrid,ce7f82f99470,8,0.910853,0.787702,1.0,0.775
4,hybrid,cf25274e6ebe,8,0.987144,0.934397,1.0,0.982143
4,hybrid,cf4760235323,5,0.946902,0.946902,1.0,0.866667
4,hybrid,cfe7402e0c46,6,0.881199,0.881199,1.0,0.804167
4,hybrid,d19959407319,5,0.888722,0.888722,,
4,hybrid,d322146d662c,4,0.859719,0.859719,1.0,1.0
4,hybrid,d4a082a8c5c9,13,0.4858,0.202107,0.25,0.266667
4,hybrid,d74515aabf7d,13,0.337759,0.202107,0.25,0.233333
4,hybrid,d92868363577,6,0.715746,0.715746,0.5,0.638889
4,hybrid,d9db974b8638,7,1.0,1.0,1.0,1.0
4,hybrid,ddf2656a8565,5,0.430677,0.430677,0.25,0.25
4,hybrid,df1202617213,3,1.0,1.0,1.0,1.0
4,hybrid,e0ac4f55cf3f,6,0.974743,0.853932,1.0,0.926667
4,hybrid,e0e35be40cf0,7,0.848648,0.774217,1.0,1.0
4,hybrid,e16a55a28e96,5,1.0,1.0,1.0,1.0
4,hybrid,e7d02e5f4526,5,1.0,1.0,1.0,1.0
4,hybrid,e9d33ed525c4,9,0.934109,0.83042,1.0,0.827438
4,hybrid,f00600da0a07,2,1.0,1.0,1.0,1.0
4,hybrid,f013284797f9,9,0.965062,0.842176,1.0,1.0
4,hybrid,f17b031a1618,2,1.0,1.0,1.0,1.0
4,hybrid,f2b519f794c7,10,0.845727,0.670144,1.0,0.896825
4,hybrid,f2bf39e7196f,3,1.0,1.0,1.0,1.0
4,hybrid,f2f1af71c920,4,1.0,1.0,1.0,1.0
4,hybrid,f459e14e173d,7,0.967468,0.967468,1.0,0.916667
4,hybrid,f57d2e764c36,4,1.0,1.0,1.0,1.0
4,hybrid,f5cfef367792,6,0.970929,0.831872,1.0,0.916667
4,hybrid,f6277475b72f,3,1.0,1.0,1.0,1.0
4,hybrid,f7f52ae541d1,3,0.63093,0.63093,0.5,0.5
4,hybrid,fa0a82b854b0,4,1.0,1.0,1.0,1.0
4,hybrid,fabab1f2a9ac,9,0.664138,0.408018,0.333333,0.580159
4,hybrid,fc086773a9f8,3,0.5,0.5,0.333333,0.333333
4,hybrid,fc095e331f80,10,0.464854,0.0,0.166667,0.261905
4,hybrid,fc15846cdd34,6,0.926758,0.787702,1.0,0.816667
4,hybrid,fc57c4cfac8c,9,0.80787,0.66084,0.5,0.740703
4,hybrid,fd5fb3568f28,4,0.693426,0.693426,0.5,0.583333
